strict_condition_contract_key,measurement_count,protocol_count,construct_count,source_count,strict_public_measurement_count,concentration_values,methanol_basis_state,A0_state,public_eligibility,independence_boundary
SCG_01e0ba6eb4b4c2d8cc8c,2,2,2,1,2,30,v/v,yes,all,"counts report measurements, protocols, constructs, and sources separately; none are assumed independent"
SCG_02171d7e22f10870a372,4,4,2,1,0,50|60,unknown,yes,mixed_or_limited,"counts report measurements, protocols, constructs, and sources separately; none are assumed independent"
SCG_02d9c347e8ba6cc16dd3,1,1,1,1,1,30,v/v,yes,all,"counts report measurements, protocols, constructs, and sources separately; none are assumed independent"
SCG_0460889e5f8c9402fa87,9,1,1,1,9,10|20|30|40|50|60|70|80|90,v/v,yes,all,"counts report measurements, protocols, constructs, and sources separately; none are assumed independent"
SCG_053716d16707ea175a46,6,6,6,1,0,50,unknown,yes,mixed_or_limited,"counts report measurements, protocols, constructs, and sources separately; none are assumed independent"
SCG_0a2ed6bf00c33e4cde27,10,10,9,2,10,50|60,v/v,yes,all,"counts report measurements, protocols, constructs, and sources separately; none are assumed independent"
SCG_0a90fd64404c49c322e0,4,2,2,1,4,1|10,v/v,yes,all,"counts report measurements, protocols, constructs, and sources separately; none are assumed independent"
SCG_0e1248f30f430b7534c7,2,1,1,1,2,25|50,v/v,yes,all,"counts report measurements, protocols, constructs, and sources separately; none are assumed independent"
SCG_0f26980e1ced96697812,1,1,1,1,0,70,unknown,yes,mixed_or_limited,"counts report measurements, protocols, constructs, and sources separately; none are assumed independent"
SCG_1032785933443e44a444,1,1,1,1,0,45,unknown,yes,mixed_or_limited,"counts report measurements, protocols, constructs, and sources separately; none are assumed independent"
SCG_1180ab28a074797e31c0,14,14,14,1,0,70,v/v,partial,mixed_or_limited,"counts report measurements, protocols, constructs, and sources separately; none are assumed independent"
SCG_119bad4f60fb490ec193,1,1,1,1,1,50,v/v,yes,all,"counts report measurements, protocols, constructs, and sources separately; none are assumed independent"
SCG_11f80dede44dfb0a4a93,1,1,1,1,0,50,unknown,yes,mixed_or_limited,"counts report measurements, protocols, constructs, and sources separately; none are assumed independent"
SCG_1233e0ad7f4619791a7a,4,4,4,1,0,70,unknown,yes,mixed_or_limited,"counts report measurements, protocols, constructs, and sources separately; none are assumed independent"
SCG_13f61f13fcb8d39eb233,3,3,3,1,3,25,v/v,yes,all,"counts report measurements, protocols, constructs, and sources separately; none are assumed independent"
SCG_19411fea3793e25dc674,18,18,6,2,0,50,unknown,partial,mixed_or_limited,"counts report measurements, protocols, constructs, and sources separately; none are assumed independent"
SCG_195edd7f1c25a1f9d7b4,1,1,1,1,1,37.9,w/v,yes,all,"counts report measurements, protocols, constructs, and sources separately; none are assumed independent"
SCG_1ab7a31bb8b31ee5c680,6,6,1,1,6,10|20|40|50|70|90,v/v,yes,all,"counts report measurements, protocols, constructs, and sources separately; none are assumed independent"
SCG_1bd6187d2d12e4b0071c,2,2,2,1,2,25,v/v,yes,all,"counts report measurements, protocols, constructs, and sources separately; none are assumed independent"
SCG_1bdd472bcb799da4f15a,1,1,1,1,0,45,unknown,yes,mixed_or_limited,"counts report measurements, protocols, constructs, and sources separately; none are assumed independent"
SCG_1c00bfb2a1e27e30ac4a,2,2,2,1,2,25,v/v,yes,all,"counts report measurements, protocols, constructs, and sources separately; none are assumed independent"
SCG_1c0216537de228051327,1,1,1,1,0,1,unknown,partial,mixed_or_limited,"counts report measurements, protocols, constructs, and sources separately; none are assumed independent"
SCG_1c062e36bed4e1b6fa15,1,1,1,1,1,5,v/v,yes,all,"counts report measurements, protocols, constructs, and sources separately; none are assumed independent"
SCG_1d095ab6eaeb48da5f4d,7,7,7,1,7,70,v/v,yes,all,"counts report measurements, protocols, constructs, and sources separately; none are assumed independent"
SCG_1ecdd4721b03d0a3a912,6,2,1,1,6,10|30|50|70|90,v/v,yes,all,"counts report measurements, protocols, constructs, and sources separately; none are assumed independent"
SCG_1ed641a0e7b8cdb7ac98,4,1,1,1,0,10|30|50|80,unknown,yes,mixed_or_limited,"counts report measurements, protocols, constructs, and sources separately; none are assumed independent"
SCG_1f1d08ac272d62749517,1,1,1,1,1,25,v/v,yes,all,"counts report measurements, protocols, constructs, and sources separately; none are assumed independent"
SCG_2205c57f0abd9c77b170,6,1,1,1,0,10|20|30|40|5|50,unknown,yes,mixed_or_limited,"counts report measurements, protocols, constructs, and sources separately; none are assumed independent"
SCG_229881ab152aae836a16,2,2,2,2,2,10|25,v/v,yes,all,"counts report measurements, protocols, constructs, and sources separately; none are assumed independent"
SCG_22c60b0ed1a9ec2c479f,12,12,12,1,0,100|50,unknown,partial,mixed_or_limited,"counts report measurements, protocols, constructs, and sources separately; none are assumed independent"
SCG_2368b8db9d294b839a35,6,6,1,1,0,10|20|30|40|50|60,unknown,yes,mixed_or_limited,"counts report measurements, protocols, constructs, and sources separately; none are assumed independent"
SCG_24d647608abeeec3f037,1,1,1,1,0,15,unknown,yes,mixed_or_limited,"counts report measurements, protocols, constructs, and sources separately; none are assumed independent"
SCG_269cc76ec3a4ce4204db,11,11,11,1,11,50,v/v,yes,all,"counts report measurements, protocols, constructs, and sources separately; none are assumed independent"
SCG_26b3e1e5ea32a6e6cf95,1,1,1,1,0,45,unknown,yes,mixed_or_limited,"counts report measurements, protocols, constructs, and sources separately; none are assumed independent"
SCG_28bbb084d9a2eb5b369f,1,1,1,1,1,50,v/v,yes,all,"counts report measurements, protocols, constructs, and sources separately; none are assumed independent"
SCG_2b12e9f36eee3cc56e5e,33,33,33,1,33,50,v/v,yes,all,"counts report measurements, protocols, constructs, and sources separately; none are assumed independent"
SCG_2bc96e248cc0cfb67780,1,1,1,1,0,25,unknown,yes,mixed_or_limited,"counts report measurements, protocols, constructs, and sources separately; none are assumed independent"
SCG_2be5706b61a91381b192,1,1,1,1,0,70,unknown,yes,mixed_or_limited,"counts report measurements, protocols, constructs, and sources separately; none are assumed independent"
SCG_2dbb7c78181c837a3c05,4,4,4,1,0,50,unknown,yes,mixed_or_limited,"counts report measurements, protocols, constructs, and sources separately; none are assumed independent"
SCG_2e3465e38b071a0c12a8,6,6,6,1,0,80,unknown,yes,mixed_or_limited,"counts report measurements, protocols, constructs, and sources separately; none are assumed independent"
SCG_2e5ddcea6017144773f0,1,1,1,1,1,25,v/v,yes,all,"counts report measurements, protocols, constructs, and sources separately; none are assumed independent"
SCG_2e62140900241bc3836f,18,18,6,2,0,50,unknown,partial,mixed_or_limited,"counts report measurements, protocols, constructs, and sources separately; none are assumed independent"
SCG_2e8f4ff84d9b9e05de57,1,1,1,1,1,30,v/v,yes,all,"counts report measurements, protocols, constructs, and sources separately; none are assumed independent"
SCG_2f1bb8f683500960d0aa,1,1,1,1,0,30,unknown,yes,mixed_or_limited,"counts report measurements, protocols, constructs, and sources separately; none are assumed independent"
SCG_2f7d15796f64327f8a7f,4,4,2,1,0,50|60,unknown,yes,mixed_or_limited,"counts report measurements, protocols, constructs, and sources separately; none are assumed independent"
SCG_2f8197f0fb12c975c6bf,20,5,5,1,0,10|20|30|40,unknown,partial,mixed_or_limited,"counts report measurements, protocols, constructs, and sources separately; none are assumed independent"
SCG_2fa6860d3f7d9f6410c1,5,5,5,1,0,50,unknown,yes,mixed_or_limited,"counts report measurements, protocols, constructs, and sources separately; none are assumed independent"
SCG_308cae9cc42ad9bb3abe,11,11,11,1,11,50,v/v,yes,all,"counts report measurements, protocols, constructs, and sources separately; none are assumed independent"
SCG_30f989e91adb6c3ae92a,1,1,1,1,1,30,v/v,yes,all,"counts report measurements, protocols, constructs, and sources separately; none are assumed independent"
SCG_31cc2a50d3f39a1e539a,1,1,1,1,1,50,v/v,yes,all,"counts report measurements, protocols, constructs, and sources separately; none are assumed independent"
SCG_335c3192782abe764749,2,2,2,1,2,50,v/v,yes,all,"counts report measurements, protocols, constructs, and sources separately; none are assumed independent"
SCG_34044f75dcbc0a4ba947,1,1,1,1,1,25,v/v,yes,all,"counts report measurements, protocols, constructs, and sources separately; none are assumed independent"
SCG_349cafc5b78fd3045793,9,1,1,1,9,10|20|30|40|50|60|70|80|90,v/v,yes,all,"counts report measurements, protocols, constructs, and sources separately; none are assumed independent"
SCG_37954059d97a5761adee,6,6,6,1,6,30,v/v,yes,all,"counts report measurements, protocols, constructs, and sources separately; none are assumed independent"
SCG_37bcda0dda9f175cf12c,2,1,1,1,2,15|30,v/v,yes,all,"counts report measurements, protocols, constructs, and sources separately; none are assumed independent"
SCG_3854023848988bcc83c0,3,3,3,1,0,50,unknown,yes,mixed_or_limited,"counts report measurements, protocols, constructs, and sources separately; none are assumed independent"
SCG_38b6cd3975ba808043a5,6,6,6,1,0,50,unknown,yes,mixed_or_limited,"counts report measurements, protocols, constructs, and sources separately; none are assumed independent"
SCG_38debbf19e5059feac12,2,1,1,1,0,10|20,unknown,yes,mixed_or_limited,"counts report measurements, protocols, constructs, and sources separately; none are assumed independent"
SCG_3924216c2fc299346206,3,3,3,1,0,1.5,v/v,partial,mixed_or_limited,"counts report measurements, protocols, constructs, and sources separately; none are assumed independent"
SCG_3933ad2fa4781fe1876d,11,11,11,1,0,50,unknown,yes,mixed_or_limited,"counts report measurements, protocols, constructs, and sources separately; none are assumed independent"
SCG_39c38208d2235b801ce8,1,1,1,1,1,20,v/v,yes,all,"counts report measurements, protocols, constructs, and sources separately; none are assumed independent"
SCG_3a152eefe33a2c681094,20,4,4,1,0,40|50|60|70|80,unknown,yes,mixed_or_limited,"counts report measurements, protocols, constructs, and sources separately; none are assumed independent"
SCG_3c5a5c5c9aaff054baf6,1,1,1,1,1,20,v/v,yes,all,"counts report measurements, protocols, constructs, and sources separately; none are assumed independent"
SCG_3e4a3f4fecd3d9ee37fe,1,1,1,1,0,50,unknown,partial,mixed_or_limited,"counts report measurements, protocols, constructs, and sources separately; none are assumed independent"
SCG_3e67af6de3747d04942c,20,5,5,1,0,10|20|30|40,unknown,partial,mixed_or_limited,"counts report measurements, protocols, constructs, and sources separately; none are assumed independent"
SCG_3e960c5c627039211b9d,6,6,6,1,0,50,unknown,yes,mixed_or_limited,"counts report measurements, protocols, constructs, and sources separately; none are assumed independent"
SCG_3e97f9ed532735af9e49,4,1,1,1,0,10|30|50|90,unknown,yes,mixed_or_limited,"counts report measurements, protocols, constructs, and sources separately; none are assumed independent"
SCG_3eadb3d7adfb155a06ac,5,5,5,1,0,20,unknown,yes,mixed_or_limited,"counts report measurements, protocols, constructs, and sources separately; none are assumed independent"
SCG_3ee7b4bf5f067531f147,1,1,1,1,1,25,v/v,yes,all,"counts report measurements, protocols, constructs, and sources separately; none are assumed independent"
SCG_4038ed97d3d68c69e1c3,4,4,4,1,0,70,unknown,yes,mixed_or_limited,"counts report measurements, protocols, constructs, and sources separately; none are assumed independent"
SCG_405e04e0f9a7df0d3373,7,7,7,1,7,70,v/v,yes,all,"counts report measurements, protocols, constructs, and sources separately; none are assumed independent"
SCG_411a1eb9a5e85ff0734b,8,4,1,1,8,10|100|20|30,w/w,yes,all,"counts report measurements, protocols, constructs, and sources separately; none are assumed independent"
SCG_41a41359d680214af47d,4,4,4,1,0,50,unknown,yes,mixed_or_limited,"counts report measurements, protocols, constructs, and sources separately; none are assumed independent"
SCG_425c9492d57c193325fc,1,1,1,1,1,25,v/v,yes,all,"counts report measurements, protocols, constructs, and sources separately; none are assumed independent"
SCG_42c179b0335fd0ef2522,1,1,1,1,1,25,v/v,yes,all,"counts report measurements, protocols, constructs, and sources separately; none are assumed independent"
SCG_4403e728f8316dee2638,1,1,1,1,0,25,unknown,yes,mixed_or_limited,"counts report measurements, protocols, constructs, and sources separately; none are assumed independent"
SCG_44d24b15f1e0781e2255,1,1,1,1,1,50,v/v,yes,all,"counts report measurements, protocols, constructs, and sources separately; none are assumed independent"
SCG_4518f5ed4d02c68c432d,1,1,1,1,0,25,unknown,yes,mixed_or_limited,"counts report measurements, protocols, constructs, and sources separately; none are assumed independent"
SCG_4590adc4751e7a24b106,18,18,6,2,0,50,unknown,partial,mixed_or_limited,"counts report measurements, protocols, constructs, and sources separately; none are assumed independent"
SCG_466b3619a1c69047ec0c,3,1,1,1,0,25|50|75,unknown,yes,mixed_or_limited,"counts report measurements, protocols, constructs, and sources separately; none are assumed independent"
SCG_475e6ada000e1e8620f2,6,6,6,1,0,50,unknown,yes,mixed_or_limited,"counts report measurements, protocols, constructs, and sources separately; none are assumed independent"
SCG_4827b2bf21ef9da6af8b,8,4,1,1,8,10|100|20|30,w/w,yes,all,"counts report measurements, protocols, constructs, and sources separately; none are assumed independent"
SCG_489e45d416c67f43c0a4,1,1,1,1,0,100,unknown,yes,mixed_or_limited,"counts report measurements, protocols, constructs, and sources separately; none are assumed independent"
SCG_4b2b711e3d4f608cc8f2,1,1,1,1,1,50,v/v,yes,all,"counts report measurements, protocols, constructs, and sources separately; none are assumed independent"
SCG_4b8de0b60a28015c9d42,40,16,16,1,0,50|60|70,unknown,partial,mixed_or_limited,"counts report measurements, protocols, constructs, and sources separately; none are assumed independent"
SCG_4ca174440243d4cdc96f,8,4,1,1,8,10|100|20|30,w/w,yes,all,"counts report measurements, protocols, constructs, and sources separately; none are assumed independent"
SCG_4e635b1303185e601e7a,1,1,1,1,1,10,v/v,yes,all,"counts report measurements, protocols, constructs, and sources separately; none are assumed independent"
SCG_5047be15c05fd50719ec,1,1,1,1,1,25,v/v,yes,all,"counts report measurements, protocols, constructs, and sources separately; none are assumed independent"
SCG_50d2151f128201c8bdfd,1,1,1,1,1,25,v/v,yes,all,"counts report measurements, protocols, constructs, and sources separately; none are assumed independent"
SCG_514fb039de4fa2e1e9c7,5,5,5,1,0,20,unknown,yes,mixed_or_limited,"counts report measurements, protocols, constructs, and sources separately; none are assumed independent"
SCG_515e2dd9105aec245cac,1,1,1,1,1,30,v/v,yes,all,"counts report measurements, protocols, constructs, and sources separately; none are assumed independent"
SCG_51ec87b009a570f6b3e3,1,1,1,1,0,50,unknown,yes,mixed_or_limited,"counts report measurements, protocols, constructs, and sources separately; none are assumed independent"
SCG_5205b9c2f9aec029ebe3,1,1,1,1,0,30,unknown,yes,mixed_or_limited,"counts report measurements, protocols, constructs, and sources separately; none are assumed independent"
SCG_5355ad102927db94d4ad,3,3,3,1,0,50,unknown,yes,mixed_or_limited,"counts report measurements, protocols, constructs, and sources separately; none are assumed independent"
SCG_53ef7684604bba727f75,12,2,2,1,12,15|30|45|60|75|90,v/v,yes,all,"counts report measurements, protocols, constructs, and sources separately; none are assumed independent"
SCG_54453802e8969461718c,1,1,1,1,1,25,v/v,yes,all,"counts report measurements, protocols, constructs, and sources separately; none are assumed independent"
SCG_54db6caf14ca50103da9,40,16,16,1,0,50|60|70,unknown,partial,mixed_or_limited,"counts report measurements, protocols, constructs, and sources separately; none are assumed independent"
SCG_5606d25d5979fbe834a1,3,1,1,1,0,10|15|20,unknown,yes,mixed_or_limited,"counts report measurements, protocols, constructs, and sources separately; none are assumed independent"
SCG_572b09b1e3aa65893ebd,1,1,1,1,1,30,v/v,yes,all,"counts report measurements, protocols, constructs, and sources separately; none are assumed independent"
SCG_59584b26d2f1c6a8d7ac,1,1,1,1,1,30,v/v,yes,all,"counts report measurements, protocols, constructs, and sources separately; none are assumed independent"
SCG_598156eed134a2ca1118,3,3,3,1,0,50,unknown,yes,mixed_or_limited,"counts report measurements, protocols, constructs, and sources separately; none are assumed independent"
SCG_59d9fbffaefec7eb3c3d,1,1,1,1,1,25,v/v,yes,all,"counts report measurements, protocols, constructs, and sources separately; none are assumed independent"
SCG_5a9f395fcc004cc72ff9,1,1,1,1,1,25,v/v,yes,all,"counts report measurements, protocols, constructs, and sources separately; none are assumed independent"
SCG_5acf7781aa56275dbbae,1,1,1,1,0,50,unknown,yes,mixed_or_limited,"counts report measurements, protocols, constructs, and sources separately; none are assumed independent"
SCG_5baa441d6df67f0c43e8,2,1,1,1,0,10|20,unknown,yes,mixed_or_limited,"counts report measurements, protocols, constructs, and sources separately; none are assumed independent"
SCG_5bf5915d61605ccca93d,2,2,2,1,2,50,v/v,yes,all,"counts report measurements, protocols, constructs, and sources separately; none are assumed independent"
SCG_5c397aca90aa05b30f61,252,36,6,2,0,20|25|30|35|40|45|50|55|60|65|70|75|80,unknown,partial,mixed_or_limited,"counts report measurements, protocols, constructs, and sources separately; none are assumed independent"
SCG_5c50366714a1d55ea50f,2,2,1,1,0,10|50,unknown,yes,mixed_or_limited,"counts report measurements, protocols, constructs, and sources separately; none are assumed independent"
SCG_5deb280a0d46592e39f1,1,1,1,1,1,25,v/v,yes,all,"counts report measurements, protocols, constructs, and sources separately; none are assumed independent"
SCG_5eaae7082124fa8e6b06,2,1,1,1,2,10|30,w/v,yes,all,"counts report measurements, protocols, constructs, and sources separately; none are assumed independent"
SCG_5eb49d649de4bcdcd338,40,16,16,1,0,50|60|70,unknown,partial,mixed_or_limited,"counts report measurements, protocols, constructs, and sources separately; none are assumed independent"
SCG_5f602e4321c4b72fd520,11,1,1,1,11,15|25|35|45|50|55|60|65|75|85|95,v/v,yes,all,"counts report measurements, protocols, constructs, and sources separately; none are assumed independent"
SCG_5f7e8135efbf7fd5a910,4,4,4,1,0,70,unknown,yes,mixed_or_limited,"counts report measurements, protocols, constructs, and sources separately; none are assumed independent"
SCG_60403b51a901bfe6a608,1,1,1,1,0,70,unknown,yes,mixed_or_limited,"counts report measurements, protocols, constructs, and sources separately; none are assumed independent"
SCG_62c751c30bdd3f2afa03,11,11,11,1,0,50,unknown,yes,mixed_or_limited,"counts report measurements, protocols, constructs, and sources separately; none are assumed independent"
SCG_64212de8b80b35712a67,8,8,2,1,8,10|20|40|60,v/v,yes,all,"counts report measurements, protocols, constructs, and sources separately; none are assumed independent"
SCG_64d155c7b0ded1e30077,1,1,1,1,0,100,unknown,yes,mixed_or_limited,"counts report measurements, protocols, constructs, and sources separately; none are assumed independent"
SCG_64f20add7317a4f4c890,1,1,1,1,1,15,v/v,yes,all,"counts report measurements, protocols, constructs, and sources separately; none are assumed independent"
SCG_6515bad1e28f156e7584,1,1,1,1,1,25,v/v,yes,all,"counts report measurements, protocols, constructs, and sources separately; none are assumed independent"
SCG_66ca42f3929e32d615cb,3,3,1,1,3,10|30|50,v/v,yes,all,"counts report measurements, protocols, constructs, and sources separately; none are assumed independent"
SCG_67eec85937483e16e25a,4,4,4,1,0,70,unknown,yes,mixed_or_limited,"counts report measurements, protocols, constructs, and sources separately; none are assumed independent"
SCG_681a3db91726ce5bd9b9,6,6,1,1,6,10|15|2.5|25|5|50,v/v,yes,all,"counts report measurements, protocols, constructs, and sources separately; none are assumed independent"
SCG_689817ec8e1a32fee03f,5,5,5,2,0,100|99,unknown,yes,mixed_or_limited,"counts report measurements, protocols, constructs, and sources separately; none are assumed independent"
SCG_6a27f5b7cdec6f7e14ec,1,1,1,1,0,50,unknown,yes,mixed_or_limited,"counts report measurements, protocols, constructs, and sources separately; none are assumed independent"
SCG_6bbd3a170a2ce0addc26,1,1,1,1,1,25,v/v,yes,all,"counts report measurements, protocols, constructs, and sources separately; none are assumed independent"
SCG_6bcce441e0e0e840acf2,24,3,3,1,0,0|10|15|20|25|30|35|5,unknown,yes,mixed_or_limited,"counts report measurements, protocols, constructs, and sources separately; none are assumed independent"
SCG_6c0f2b32263c6d50ce93,1,1,1,1,1,25,v/v,yes,all,"counts report measurements, protocols, constructs, and sources separately; none are assumed independent"
SCG_6d71ee2e535bc35d48fb,1,1,1,1,1,50,v/v,yes,all,"counts report measurements, protocols, constructs, and sources separately; none are assumed independent"
SCG_6ddda7a681f2a113ae63,20,5,5,1,0,10|20|30|40,unknown,partial,mixed_or_limited,"counts report measurements, protocols, constructs, and sources separately; none are assumed independent"
SCG_6f0fc1922d8cdc7c09e7,2,1,1,1,2,25|50,v/v,yes,all,"counts report measurements, protocols, constructs, and sources separately; none are assumed independent"
SCG_6f381dfaa4acbfabe371,1,1,1,1,0,50,unknown,yes,mixed_or_limited,"counts report measurements, protocols, constructs, and sources separately; none are assumed independent"
SCG_6f6f645bd2b23f234439,2,2,1,1,2,20|50,v/v,yes,all,"counts report measurements, protocols, constructs, and sources separately; none are assumed independent"
SCG_708f96dcd289401f95da,16,16,6,1,0,0|40|80,unknown,yes,mixed_or_limited,"counts report measurements, protocols, constructs, and sources separately; none are assumed independent"
SCG_709f8fe5e7e54064a7a5,3,3,1,1,3,10|30|60,v/v,yes,all,"counts report measurements, protocols, constructs, and sources separately; none are assumed independent"
SCG_712b00db075bbe566192,1,1,1,1,0,50,unknown,yes,mixed_or_limited,"counts report measurements, protocols, constructs, and sources separately; none are assumed independent"
SCG_717d781967eac316f80c,5,5,5,1,0,50,unknown,yes,mixed_or_limited,"counts report measurements, protocols, constructs, and sources separately; none are assumed independent"
SCG_71d9cffa5918d7cf6919,1,1,1,1,0,50,unknown,yes,mixed_or_limited,"counts report measurements, protocols, constructs, and sources separately; none are assumed independent"
SCG_72055295a9632de9badf,2,1,1,1,0,15|30,unknown,yes,mixed_or_limited,"counts report measurements, protocols, constructs, and sources separately; none are assumed independent"
SCG_75b1a9bd4a965024c023,18,18,6,2,0,50,unknown,partial,mixed_or_limited,"counts report measurements, protocols, constructs, and sources separately; none are assumed independent"
SCG_76f7c37096137d3b5894,1,1,1,1,0,50,unknown,yes,mixed_or_limited,"counts report measurements, protocols, constructs, and sources separately; none are assumed independent"
SCG_772de856bd88e3ca6f9e,1,1,1,1,0,100,unknown,yes,mixed_or_limited,"counts report measurements, protocols, constructs, and sources separately; none are assumed independent"
SCG_77e8582ed2373124c202,1,1,1,1,1,50,v/v,yes,all,"counts report measurements, protocols, constructs, and sources separately; none are assumed independent"
SCG_783052be159a9c34ec2c,30,5,5,1,30,10|20|30|40|50|60,v/v,yes,all,"counts report measurements, protocols, constructs, and sources separately; none are assumed independent"
SCG_7850cf1a3a38e783b43a,3,1,1,1,3,10|20|30,v/v,yes,all,"counts report measurements, protocols, constructs, and sources separately; none are assumed independent"
SCG_79022b2f5e1bde4b041a,1,1,1,1,0,50,unknown,yes,mixed_or_limited,"counts report measurements, protocols, constructs, and sources separately; none are assumed independent"
SCG_79c8ef90dd78233bf591,2,2,2,1,2,25,v/v,yes,all,"counts report measurements, protocols, constructs, and sources separately; none are assumed independent"
SCG_7a4ae91abafaa072c78f,1,1,1,1,1,50,v/v,yes,all,"counts report measurements, protocols, constructs, and sources separately; none are assumed independent"
SCG_7bf8c45c7e35b14b72a0,4,4,4,1,4,25,v/v,yes,all,"counts report measurements, protocols, constructs, and sources separately; none are assumed independent"
SCG_7c18aa037e29a3fec748,4,1,1,1,0,10|30|50|80,unknown,yes,mixed_or_limited,"counts report measurements, protocols, constructs, and sources separately; none are assumed independent"
SCG_7d59579e8663f3a8f374,4,4,4,1,0,50,unknown,yes,mixed_or_limited,"counts report measurements, protocols, constructs, and sources separately; none are assumed independent"
SCG_7e1ffde04326b651d6dc,1,1,1,1,0,10,unknown,yes,mixed_or_limited,"counts report measurements, protocols, constructs, and sources separately; none are assumed independent"
SCG_7fd405bbf87b921bdf54,14,14,14,1,0,70,v/v,partial,mixed_or_limited,"counts report measurements, protocols, constructs, and sources separately; none are assumed independent"
SCG_809b7b3eee40b85c6ef7,2,2,1,1,2,60,v/v,yes,all,"counts report measurements, protocols, constructs, and sources separately; none are assumed independent"
SCG_80e9b3fc1fccd074ea24,1,1,1,1,0,100,unknown,partial,mixed_or_limited,"counts report measurements, protocols, constructs, and sources separately; none are assumed independent"
SCG_826c1425b2d6c0d01cda,2,1,1,1,2,25|50,v/v,yes,all,"counts report measurements, protocols, constructs, and sources separately; none are assumed independent"
SCG_8358958f5935140e6481,3,1,1,1,3,15|30|50,v/v,yes,all,"counts report measurements, protocols, constructs, and sources separately; none are assumed independent"
SCG_84f921d8dc5ae459722c,6,1,1,1,0,10|15|25|30|40|5,unknown,yes,mixed_or_limited,"counts report measurements, protocols, constructs, and sources separately; none are assumed independent"
SCG_85c3065351788967a832,2,2,2,1,2,25,v/v,yes,all,"counts report measurements, protocols, constructs, and sources separately; none are assumed independent"
SCG_85f1f689bbad79d2a6f2,6,1,1,1,6,10|20|30|40|5|50,v/v,yes,all,"counts report measurements, protocols, constructs, and sources separately; none are assumed independent"
SCG_864efcd25ba599ba825c,2,1,1,1,2,15|30,v/v,yes,all,"counts report measurements, protocols, constructs, and sources separately; none are assumed independent"
SCG_86d30d14a3c953cc97ea,1,1,1,1,0,25,unknown,yes,mixed_or_limited,"counts report measurements, protocols, constructs, and sources separately; none are assumed independent"
SCG_8706425eff8e56b5e64b,40,16,16,1,0,50|60|70,unknown,partial,mixed_or_limited,"counts report measurements, protocols, constructs, and sources separately; none are assumed independent"
SCG_87655d77e3ace0e91b2c,2,1,1,1,0,10|30,unknown,yes,mixed_or_limited,"counts report measurements, protocols, constructs, and sources separately; none are assumed independent"
SCG_876c1009270bf12c7c35,1,1,1,1,0,100,unknown,yes,mixed_or_limited,"counts report measurements, protocols, constructs, and sources separately; none are assumed independent"
SCG_88577fc7420e4c1f9827,2,1,1,1,0,20|50,unknown,yes,mixed_or_limited,"counts report measurements, protocols, constructs, and sources separately; none are assumed independent"
SCG_8940add4c5b4fece644a,1,1,1,1,1,30,v/v,yes,all,"counts report measurements, protocols, constructs, and sources separately; none are assumed independent"
SCG_8a6b2d78f7b39dc903e7,1,1,1,1,1,25,v/v,yes,all,"counts report measurements, protocols, constructs, and sources separately; none are assumed independent"
SCG_8adc67ed36ddc55e650d,1,1,1,1,1,10,v/v,yes,all,"counts report measurements, protocols, constructs, and sources separately; none are assumed independent"
SCG_8bb0a0cc92bac210dcc7,1,1,1,1,1,20,v/v,yes,all,"counts report measurements, protocols, constructs, and sources separately; none are assumed independent"
SCG_8c7d849e08f6345d8d75,1,1,1,1,1,30,v/v,yes,all,"counts report measurements, protocols, constructs, and sources separately; none are assumed independent"
SCG_8d02e72c1d6fa3adf344,15,15,6,2,0,50,unknown,partial,mixed_or_limited,"counts report measurements, protocols, constructs, and sources separately; none are assumed independent"
SCG_8d9c1e419c19de3606b6,4,4,2,1,0,50|60,unknown,yes,mixed_or_limited,"counts report measurements, protocols, constructs, and sources separately; none are assumed independent"
SCG_8defcf2241a687305a7b,1,1,1,1,1,80,v/v,yes,all,"counts report measurements, protocols, constructs, and sources separately; none are assumed independent"
SCG_914c8212e98add82fa8d,1,1,1,1,0,60,unknown,yes,mixed_or_limited,"counts report measurements, protocols, constructs, and sources separately; none are assumed independent"
SCG_91b9392206a63632976b,5,1,1,1,5,0|10|20|30|40,v/v,yes,all,"counts report measurements, protocols, constructs, and sources separately; none are assumed independent"
SCG_91de4498d41e1adf1fa9,1,1,1,1,0,15,unknown,yes,mixed_or_limited,"counts report measurements, protocols, constructs, and sources separately; none are assumed independent"
SCG_952293f33e4c69714c4f,2,1,1,1,0,30|5,unknown,yes,mixed_or_limited,"counts report measurements, protocols, constructs, and sources separately; none are assumed independent"
SCG_9629ebcf0234bffc6b58,4,4,2,1,0,10|30,unknown,yes,mixed_or_limited,"counts report measurements, protocols, constructs, and sources separately; none are assumed independent"
SCG_9a5f7472bd52832268bd,1,1,1,1,1,25,v/v,yes,all,"counts report measurements, protocols, constructs, and sources separately; none are assumed independent"
SCG_9adc91ecfc321dbdfa8b,2,1,1,1,0,15|30,unknown,yes,mixed_or_limited,"counts report measurements, protocols, constructs, and sources separately; none are assumed independent"
SCG_9b0a42a1c79607f3ade9,1,1,1,1,1,50,v/v,yes,all,"counts report measurements, protocols, constructs, and sources separately; none are assumed independent"
SCG_9c9a72fccb6ffe026f73,1,1,1,1,1,50,v/v,yes,all,"counts report measurements, protocols, constructs, and sources separately; none are assumed independent"
SCG_9ea21add63f15536afdb,1,1,1,1,0,50,unknown,yes,mixed_or_limited,"counts report measurements, protocols, constructs, and sources separately; none are assumed independent"
SCG_a01f8c83af8b7e61909a,1,1,1,1,1,25,v/v,yes,all,"counts report measurements, protocols, constructs, and sources separately; none are assumed independent"
SCG_a04f3bc380596e690044,2,1,1,1,0,10|20,unknown,yes,mixed_or_limited,"counts report measurements, protocols, constructs, and sources separately; none are assumed independent"
SCG_a138117e4726681f5c0d,1,1,1,1,1,30,v/v,yes,all,"counts report measurements, protocols, constructs, and sources separately; none are assumed independent"
SCG_a2b8f65e0c25d10f3c5e,6,1,1,1,0,10|15|2.5|25|5|50,unknown,yes,mixed_or_limited,"counts report measurements, protocols, constructs, and sources separately; none are assumed independent"
SCG_a349d3c2cb19f8c9664a,7,7,7,1,7,70,v/v,yes,all,"counts report measurements, protocols, constructs, and sources separately; none are assumed independent"
SCG_a42c7ba07576e62cba37,4,4,4,1,0,50,unknown,yes,mixed_or_limited,"counts report measurements, protocols, constructs, and sources separately; none are assumed independent"
SCG_a472f979feaf9c0443a2,1,1,1,1,1,37.9,w/v,yes,all,"counts report measurements, protocols, constructs, and sources separately; none are assumed independent"
SCG_a475d3a5833fcdadf6c6,52,16,16,1,0,100|50|60|70,unknown,partial,mixed_or_limited,"counts report measurements, protocols, constructs, and sources separately; none are assumed independent"
SCG_a6535d13c4c59efcdd21,1,1,1,1,1,25,v/v,yes,all,"counts report measurements, protocols, constructs, and sources separately; none are assumed independent"
SCG_a67d1a2d284d08e709ff,1,1,1,1,1,80,v/v,yes,all,"counts report measurements, protocols, constructs, and sources separately; none are assumed independent"
SCG_a685436212eecd44f5ea,1,1,1,1,0,15,unknown,yes,mixed_or_limited,"counts report measurements, protocols, constructs, and sources separately; none are assumed independent"
SCG_a7077a987e25b1568838,4,1,1,1,4,15|20|25|30,v/v,yes,all,"counts report measurements, protocols, constructs, and sources separately; none are assumed independent"
SCG_a90beca5ed14fa3bd6ea,1,1,1,1,1,20,v/v,yes,all,"counts report measurements, protocols, constructs, and sources separately; none are assumed independent"
SCG_a9150924a180882808f5,2,1,1,1,2,10|20,v/v,yes,all,"counts report measurements, protocols, constructs, and sources separately; none are assumed independent"
SCG_a9a0957e68790c3b71dd,4,4,4,1,0,70,unknown,yes,mixed_or_limited,"counts report measurements, protocols, constructs, and sources separately; none are assumed independent"
SCG_ac869e4f24d250837d4b,1,1,1,1,0,45,unknown,yes,mixed_or_limited,"counts report measurements, protocols, constructs, and sources separately; none are assumed independent"
SCG_af051b44428061b4cb5d,1,1,1,1,0,10,unknown,yes,mixed_or_limited,"counts report measurements, protocols, constructs, and sources separately; none are assumed independent"
SCG_b0566abc312084b00c1f,4,4,4,1,0,50,unknown,yes,mixed_or_limited,"counts report measurements, protocols, constructs, and sources separately; none are assumed independent"
SCG_b12f286efe23ebde4778,36,6,6,1,36,0|10|20|30|40|50,v/v,yes,all,"counts report measurements, protocols, constructs, and sources separately; none are assumed independent"
SCG_b2d30a2387321743ec30,1,1,1,1,1,25,v/v,yes,all,"counts report measurements, protocols, constructs, and sources separately; none are assumed independent"
SCG_b43a5f9282c943bc4acc,1,1,1,1,1,50,v/v,yes,all,"counts report measurements, protocols, constructs, and sources separately; none are assumed independent"
SCG_b5609694df79bde07cae,3,1,1,1,3,25|50|80,v/v,yes,all,"counts report measurements, protocols, constructs, and sources separately; none are assumed independent"
SCG_b577d5eb9f64410a6302,8,8,4,1,8,10|50,v/v,yes,all,"counts report measurements, protocols, constructs, and sources separately; none are assumed independent"
SCG_b6d4622f560dc62a01be,54,6,6,1,0,10|20|30|40|50|60|70|80|90,unknown,yes,mixed_or_limited,"counts report measurements, protocols, constructs, and sources separately; none are assumed independent"
SCG_b713e92f079f9329c304,24,9,7,2,0,0|50|60|70|80,unknown,yes,mixed_or_limited,"counts report measurements, protocols, constructs, and sources separately; none are assumed independent"
SCG_b794d0db30e787786672,4,4,4,1,0,75,unknown,yes,mixed_or_limited,"counts report measurements, protocols, constructs, and sources separately; none are assumed independent"
SCG_b80ad17b3fdc2b8d2794,1,1,1,1,0,25,unknown,yes,mixed_or_limited,"counts report measurements, protocols, constructs, and sources separately; none are assumed independent"
SCG_b81c0f0f4194d59a9b8f,30,5,5,1,0,20|40|60|65|70|75,unknown,yes,mixed_or_limited,"counts report measurements, protocols, constructs, and sources separately; none are assumed independent"
SCG_b883eb78c465b66885e2,12,12,12,1,0,100|50,unknown,partial,mixed_or_limited,"counts report measurements, protocols, constructs, and sources separately; none are assumed independent"
SCG_bad594cac9afa93e5da0,2,1,1,1,2,15|25,v/v,yes,all,"counts report measurements, protocols, constructs, and sources separately; none are assumed independent"
SCG_bb0ebfc11b16d21bae14,1,1,1,1,1,25,v/v,yes,all,"counts report measurements, protocols, constructs, and sources separately; none are assumed independent"
SCG_bb61452d62405d477ce1,2,1,1,1,0,15|30,unknown,yes,mixed_or_limited,"counts report measurements, protocols, constructs, and sources separately; none are assumed independent"
SCG_bbfb73e51aae0d8f18d2,1,1,1,1,0,25,unknown,yes,mixed_or_limited,"counts report measurements, protocols, constructs, and sources separately; none are assumed independent"
SCG_bdc1d1d67dedd4ed69e5,1,1,1,1,1,4.8,v/v,yes,all,"counts report measurements, protocols, constructs, and sources separately; none are assumed independent"
SCG_bddc805ce5e6683b4111,1,1,1,1,1,20,v/v,yes,all,"counts report measurements, protocols, constructs, and sources separately; none are assumed independent"
SCG_be49cc9e8d28a1d5c615,1,1,1,1,0,30,unknown,yes,mixed_or_limited,"counts report measurements, protocols, constructs, and sources separately; none are assumed independent"
SCG_c013e4f3978505373935,1,1,1,1,1,50,v/v,yes,all,"counts report measurements, protocols, constructs, and sources separately; none are assumed independent"
SCG_c0c8339fcc2667c2df33,2,1,1,1,2,10|20,v/v,yes,all,"counts report measurements, protocols, constructs, and sources separately; none are assumed independent"
SCG_c2748925810fdcde2736,4,4,4,1,0,70,unknown,yes,mixed_or_limited,"counts report measurements, protocols, constructs, and sources separately; none are assumed independent"
SCG_c4fdb68ffba054991c34,1,1,1,1,1,25,v/v,yes,all,"counts report measurements, protocols, constructs, and sources separately; none are assumed independent"
SCG_c78d64c6bf6b057783a7,1,1,1,1,0,70,unknown,yes,mixed_or_limited,"counts report measurements, protocols, constructs, and sources separately; none are assumed independent"
SCG_c7ee1e336ce99be387b3,1,1,1,1,1,25,v/v,yes,all,"counts report measurements, protocols, constructs, and sources separately; none are assumed independent"
SCG_c9266a2fa55b66fb27b8,1,1,1,1,1,75,v/v,yes,all,"counts report measurements, protocols, constructs, and sources separately; none are assumed independent"
SCG_c948eb3213cf5244e739,5,5,5,1,0,50,unknown,yes,mixed_or_limited,"counts report measurements, protocols, constructs, and sources separately; none are assumed independent"
SCG_ca05bc69ac62776fce9e,1,1,1,1,0,25,unknown,yes,mixed_or_limited,"counts report measurements, protocols, constructs, and sources separately; none are assumed independent"
SCG_cb089a1608f8c46384a1,1,1,1,1,1,50,v/v,yes,all,"counts report measurements, protocols, constructs, and sources separately; none are assumed independent"
SCG_cc0cdc9758db2014a848,1,1,1,1,0,70,unknown,yes,mixed_or_limited,"counts report measurements, protocols, constructs, and sources separately; none are assumed independent"
SCG_cccee9aa05c52c3e35f8,4,4,4,1,0,70,unknown,yes,mixed_or_limited,"counts report measurements, protocols, constructs, and sources separately; none are assumed independent"
SCG_cda07eee8f90cf6d0589,1,1,1,1,1,25,v/v,yes,all,"counts report measurements, protocols, constructs, and sources separately; none are assumed independent"
SCG_cdf66a2fa580ca98f954,3,1,1,1,3,25|50|75,v/v,yes,all,"counts report measurements, protocols, constructs, and sources separately; none are assumed independent"
SCG_ce3d99780b1aa7a6d00b,3,1,1,1,3,10|20|30,v/v,yes,all,"counts report measurements, protocols, constructs, and sources separately; none are assumed independent"
SCG_cef77a4cf4cce6f640f0,18,18,6,2,0,50,unknown,partial,mixed_or_limited,"counts report measurements, protocols, constructs, and sources separately; none are assumed independent"
SCG_d0dd8c7ec081d9031d4b,1,1,1,1,1,25,v/v,yes,all,"counts report measurements, protocols, constructs, and sources separately; none are assumed independent"
SCG_d310c5c2692325271df2,1,1,1,1,1,25,v/v,yes,all,"counts report measurements, protocols, constructs, and sources separately; none are assumed independent"
SCG_d3edbb1bb049bdb7bca8,3,3,1,1,3,25|50|75,v/v,yes,all,"counts report measurements, protocols, constructs, and sources separately; none are assumed independent"
SCG_d6cdbf7af23ec6978a39,2,1,1,1,0,50|73,unknown,yes,mixed_or_limited,"counts report measurements, protocols, constructs, and sources separately; none are assumed independent"
SCG_d6fd94fe1f0763b2b4a5,1,1,1,1,1,2.5,w/v,yes,all,"counts report measurements, protocols, constructs, and sources separately; none are assumed independent"
SCG_d7fdf327e9c715ebaec3,1,1,1,1,1,20,v/v,yes,all,"counts report measurements, protocols, constructs, and sources separately; none are assumed independent"
SCG_d8e6e0b0d2cca95fb15c,1,1,1,1,0,45,unknown,yes,mixed_or_limited,"counts report measurements, protocols, constructs, and sources separately; none are assumed independent"
SCG_d91567cf9ed581f4a7ae,1,1,1,1,1,30,v/v,yes,all,"counts report measurements, protocols, constructs, and sources separately; none are assumed independent"
SCG_d96954e1162f781cbdeb,1,1,1,1,1,25,v/v,yes,all,"counts report measurements, protocols, constructs, and sources separately; none are assumed independent"
SCG_d9e36f0a00e47933cc83,3,3,1,1,3,10|30|50,v/v,yes,all,"counts report measurements, protocols, constructs, and sources separately; none are assumed independent"
SCG_da7cc2ebf777bd98bc2e,1,1,1,1,1,50,v/v,yes,all,"counts report measurements, protocols, constructs, and sources separately; none are assumed independent"
SCG_db26fa97994f04594515,3,1,1,1,0,10|20|30,unknown,yes,mixed_or_limited,"counts report measurements, protocols, constructs, and sources separately; none are assumed independent"
SCG_db539e825ded503a705d,1,1,1,1,1,25,v/v,yes,all,"counts report measurements, protocols, constructs, and sources separately; none are assumed independent"
SCG_dd08906eef20a65b711a,1,1,1,1,0,15,unknown,yes,mixed_or_limited,"counts report measurements, protocols, constructs, and sources separately; none are assumed independent"
SCG_dd4c4f79f36c9d188643,1,1,1,1,1,20,v/v,yes,all,"counts report measurements, protocols, constructs, and sources separately; none are assumed independent"
SCG_de48b03ec4d2308d93d1,18,18,6,2,0,50,unknown,partial,mixed_or_limited,"counts report measurements, protocols, constructs, and sources separately; none are assumed independent"
SCG_e13fb25f4b6723369367,1,1,1,1,0,10,unknown,yes,mixed_or_limited,"counts report measurements, protocols, constructs, and sources separately; none are assumed independent"
SCG_e1746a85262bd6d8a870,1,1,1,1,1,20,v/v,yes,all,"counts report measurements, protocols, constructs, and sources separately; none are assumed independent"
SCG_e37a6a1c3260b0c914da,1,1,1,1,0,15,unknown,yes,mixed_or_limited,"counts report measurements, protocols, constructs, and sources separately; none are assumed independent"
SCG_e49c3a351fb7f2e87754,1,1,1,1,1,25,v/v,yes,all,"counts report measurements, protocols, constructs, and sources separately; none are assumed independent"
SCG_e5c44803e0cb7141773f,1,1,1,1,0,50,unknown,yes,mixed_or_limited,"counts report measurements, protocols, constructs, and sources separately; none are assumed independent"
SCG_e5f68673d6186c423149,1,1,1,1,1,25,v/v,yes,all,"counts report measurements, protocols, constructs, and sources separately; none are assumed independent"
SCG_e7133553b728b03d8f82,1,1,1,1,1,25,v/v,yes,all,"counts report measurements, protocols, constructs, and sources separately; none are assumed independent"
SCG_e799231e8d9c2bbf6833,1,1,1,1,0,50,unknown,yes,mixed_or_limited,"counts report measurements, protocols, constructs, and sources separately; none are assumed independent"
SCG_e7df9f00bbe28b7e6694,4,4,2,1,0,50|60,unknown,yes,mixed_or_limited,"counts report measurements, protocols, constructs, and sources separately; none are assumed independent"
SCG_e81ac9604301d776ddf2,3,1,1,1,3,30|50|6,v/v,yes,all,"counts report measurements, protocols, constructs, and sources separately; none are assumed independent"
SCG_e929b0637bed349330c6,1,1,1,1,0,15,unknown,yes,mixed_or_limited,"counts report measurements, protocols, constructs, and sources separately; none are assumed independent"
SCG_e932b241668f0decfe45,18,18,6,2,0,50,unknown,partial,mixed_or_limited,"counts report measurements, protocols, constructs, and sources separately; none are assumed independent"
SCG_e964ad893c41441620a6,30,3,3,1,0,0|10|20|30|40|50|60|70|80|90,unknown,yes,mixed_or_limited,"counts report measurements, protocols, constructs, and sources separately; none are assumed independent"
SCG_ea1df952e80947b023f1,5,1,1,1,0,40|50|60|70|80,unknown,yes,mixed_or_limited,"counts report measurements, protocols, constructs, and sources separately; none are assumed independent"
SCG_eb47964faebc663ec665,2,2,2,1,0,10,unknown,yes,mixed_or_limited,"counts report measurements, protocols, constructs, and sources separately; none are assumed independent"
SCG_eb652f3e1963a393c815,2,2,2,1,0,100,unknown,yes,mixed_or_limited,"counts report measurements, protocols, constructs, and sources separately; none are assumed independent"
SCG_ebbc904d70e373a7deca,4,4,2,1,0,50|60,unknown,yes,mixed_or_limited,"counts report measurements, protocols, constructs, and sources separately; none are assumed independent"
SCG_ebe3b2a6a1e36389531d,14,14,14,1,0,70,v/v,partial,mixed_or_limited,"counts report measurements, protocols, constructs, and sources separately; none are assumed independent"
SCG_ebf5818fb79591086b4c,4,4,4,1,0,50,unknown,yes,mixed_or_limited,"counts report measurements, protocols, constructs, and sources separately; none are assumed independent"
SCG_ed8c9a5918ac78d9243c,1,1,1,1,1,30,v/v,yes,all,"counts report measurements, protocols, constructs, and sources separately; none are assumed independent"
SCG_ed91622d0f3dbebed760,2,2,2,1,2,40,v/v,yes,all,"counts report measurements, protocols, constructs, and sources separately; none are assumed independent"
SCG_ee68890740777f1a2458,5,5,5,1,0,60|70,unknown,yes,mixed_or_limited,"counts report measurements, protocols, constructs, and sources separately; none are assumed independent"
SCG_eec821003b550e837af3,1,1,1,1,1,1,v/v,yes,all,"counts report measurements, protocols, constructs, and sources separately; none are assumed independent"
SCG_ef5f52b8fb8d2c97945b,4,4,2,1,0,50|60,unknown,yes,mixed_or_limited,"counts report measurements, protocols, constructs, and sources separately; none are assumed independent"
SCG_efd43bd2cf26108acd3c,8,1,1,1,0,0|10|20|30|40|50|60|65,unknown,yes,mixed_or_limited,"counts report measurements, protocols, constructs, and sources separately; none are assumed independent"
SCG_f202768c3f94d648ad03,1,1,1,1,1,30,v/v,yes,all,"counts report measurements, protocols, constructs, and sources separately; none are assumed independent"
SCG_f3b835362787a3e85876,4,4,2,1,4,20|40,v/v,yes,all,"counts report measurements, protocols, constructs, and sources separately; none are assumed independent"
SCG_f3eea2df5720243f583d,330,66,66,1,0,0|10|20|30|40,unknown,yes,mixed_or_limited,"counts report measurements, protocols, constructs, and sources separately; none are assumed independent"
SCG_f620a24526d56f836da3,3,1,1,1,3,12.5|25|50,v/v,yes,all,"counts report measurements, protocols, constructs, and sources separately; none are assumed independent"
SCG_f8b2ecd5931c3c3f9352,1,1,1,1,1,50,v/v,yes,all,"counts report measurements, protocols, constructs, and sources separately; none are assumed independent"
SCG_f91192c237594d048230,2,1,1,1,0,20|50,unknown,yes,mixed_or_limited,"counts report measurements, protocols, constructs, and sources separately; none are assumed independent"
SCG_f97ce140f9917a7fab94,10,10,1,1,10,10|20|30|40|50|60|70|80|90|98,v/v,yes,all,"counts report measurements, protocols, constructs, and sources separately; none are assumed independent"
SCG_f9d22ce52df9aa9dba3b,12,12,12,1,0,100|50,unknown,partial,mixed_or_limited,"counts report measurements, protocols, constructs, and sources separately; none are assumed independent"
SCG_fb8b3649f971845eb894,6,3,1,1,6,10|20|30,w/w,yes,all,"counts report measurements, protocols, constructs, and sources separately; none are assumed independent"
SCG_fcb8983982b790be64bf,6,6,6,1,0,80,unknown,yes,mixed_or_limited,"counts report measurements, protocols, constructs, and sources separately; none are assumed independent"
SCG_fd14eb272c37dddd5bab,5,5,5,1,0,20,unknown,yes,mixed_or_limited,"counts report measurements, protocols, constructs, and sources separately; none are assumed independent"
SCG_fd7ae3afd1ba96dc32a0,5,5,5,1,0,20,unknown,yes,mixed_or_limited,"counts report measurements, protocols, constructs, and sources separately; none are assumed independent"
SCG_fd90001906835102894a,2,1,1,1,0,10|20,unknown,yes,mixed_or_limited,"counts report measurements, protocols, constructs, and sources separately; none are assumed independent"
SCG_ff2026961adfd0d984f7,2,2,1,1,0,10|30,unknown,yes,mixed_or_limited,"counts report measurements, protocols, constructs, and sources separately; none are assumed independent"
