source_key,source_type,doi,patent_publication_number,patent_family_id,source_url,publication_year,publication_year_extracted,publication_year_verified,author_display,title_en,title_original,source_kind,institution_or_journal,journal_or_assignee,citation_short,verification_anchor,display_status,evidence_row_count,protocol_unit_count,variant_count,representative_pages
10.1002/bab.1338,literature,10.1002/bab.1338,,,,2015,2015,2015,,,,literature,Biotechnology and Applied Biochemistry,Biotechnology and Applied Biochemistry,(2015),,identifier_only,1,1,1,
10.1002/bab.1381,literature,10.1002/bab.1381,,,,2016,2016,2016,,,,literature,Biotechnology and Applied Biochemistry,Biotechnology and Applied Biochemistry,(2016),,identifier_only,2,1,1,
10.1002/biot.201500305,literature,10.1002/biot.201500305,,,,2016,2016,2016,,,,literature,Biotechnology Journal,Biotechnology Journal,(2016),,identifier_only,2,1,1,
10.1002/cctc.201901369,literature,10.1002/cctc.201901369,,,,2020,2020,2020,,,,literature,ChemCatChem,ChemCatChem,(2020),,identifier_only,42,14,14,
10.1002/ceat.201300851,literature,10.1002/ceat.201300851,,,,2014,2014,2014,,,,literature,Chemical Engineering & Technology,Chemical Engineering & Technology,(2014),,identifier_only,2,2,2,
10.1002/chem.202004471,literature,10.1002/chem.202004471,,,,2021,2021,2021,,,,literature,Chemistry - A European Journal,Chemistry - A European Journal,(2021),,identifier_only,30,5,5,
10.1002/jctb.1875,literature,10.1002/jctb.1875,,,,2008,2008,2008,,,,literature,Journal of Chemical Technology and Biotechnology,Journal of Chemical Technology and Biotechnology,(2008),,identifier_only,1,1,1,
10.1002/jobm.201400730,literature,10.1002/jobm.201400730,,,,2015,2015,2015,,,,literature,Journal of Basic Microbiology,Journal of Basic Microbiology,(2015),,identifier_only,4,1,1,
10.1002/jobm.201800116,literature,10.1002/jobm.201800116,,,,2018,2018,2018,,,,literature,Journal of Basic Microbiology,Journal of Basic Microbiology,(2018),,identifier_only,2,2,1,
10.1002/jsde.12731,literature,10.1002/jsde.12731,,,,2024,2024,2024,,,,literature,Journal of Surfactants and Detergents,Journal of Surfactants and Detergents,(2024),,identifier_only,1,1,1,
10.1007/s00253-015-6700-4,literature,10.1007/s00253-015-6700-4,,,,2015,2015,2015,,,,literature,Applied Microbiology and Biotechnology,Applied Microbiology and Biotechnology,(2015),,identifier_only,32,4,4,
10.1007/s00253-023-12396-5,literature,10.1007/s00253-023-12396-5,,,,2023,2023,2023,,,,literature,Applied Microbiology and Biotechnology,Applied Microbiology and Biotechnology,(2023),,identifier_only,16,2,2,
10.1007/s00253-024-13185-4,literature,10.1007/s00253-024-13185-4,,,,2024,2024,2024,,,,literature,Applied Microbiology and Biotechnology,Applied Microbiology and Biotechnology,(2024),,identifier_only,1,1,1,
10.1007/s00253-026-13788-z,literature,10.1007/s00253-026-13788-z,,,,2026,2026,2026,,,,literature,Applied Microbiology and Biotechnology,Applied Microbiology and Biotechnology,(2026),,identifier_only,1,1,1,
10.1007/s00449-011-0598-8,literature,10.1007/s00449-011-0598-8,,,,2012,2012,2012,,,,literature,Bioprocess and Biosystems Engineering,Bioprocess and Biosystems Engineering,(2012),,identifier_only,6,1,1,
10.1007/s00792-016-0809-y,literature,10.1007/s00792-016-0809-y,,,,2016,2016,2016,,,,literature,Extremophiles,Extremophiles,(2016),,identifier_only,1,1,1,
10.1007/s00792-018-0997-8,literature,10.1007/s00792-018-0997-8,,,,2018,2018,2018,,,,literature,Extremophiles,Extremophiles,(2018),,identifier_only,8,2,1,
10.1007/s00894-020-04396-3,literature,10.1007/s00894-020-04396-3,,,,2020,2020,2020,,,,literature,Journal of Molecular Modeling,Journal of Molecular Modeling,(2020),,identifier_only,9,1,1,
10.1007/s10295-008-0473-z,literature,10.1007/s10295-008-0473-z,,,,2009,2009,2009,,,,literature,Journal of Industrial Microbiology & Biotechnology,Journal of Industrial Microbiology & Biotechnology,(2009),,identifier_only,1,1,1,
10.1007/s10529-022-03284-5,literature,10.1007/s10529-022-03284-5,,,,2022,2022,2022,,,,literature,Biotechnology Letters,Biotechnology Letters,(2022),,identifier_only,1,1,1,
10.1007/s10930-010-9251-7,literature,10.1007/s10930-010-9251-7,,,,2012,2012,2012,,,,literature,Protein Journal,Protein Journal,(2012),,identifier_only,6,6,1,
10.1007/s11274-012-1051-0,literature,10.1007/s11274-012-1051-0,,,,,not_reported,,,,,literature,,,Source metadata partially verified,,identifier_only,2,2,1,
10.1007/s11356-016-8118-7,literature,10.1007/s11356-016-8118-7,,,,,not_reported,,,,,literature,,,Source metadata partially verified,,identifier_only,4,4,1,
10.1007/s11745-017-4265-y,literature,10.1007/s11745-017-4265-y,,,,2017,2017,2017,,,,literature,Lipids,Lipids,(2017),,identifier_only,1,1,1,
10.1007/s12010-009-8841-3,literature,10.1007/s12010-009-8841-3,,,,2010,2010,2010,,,,literature,Applied Biochemistry and Biotechnology,Applied Biochemistry and Biotechnology,(2010),,identifier_only,2,1,1,
10.1007/s12010-010-8928-x,literature,10.1007/s12010-010-8928-x,,,,2010,2010,2010,,,,literature,,,(2010),,identifier_only,1,1,1,
10.1007/s12010-012-9584-0,literature,10.1007/s12010-012-9584-0,,,,2012,2012,2012,,,,literature,Applied Biochemistry and Biotechnology,Applied Biochemistry and Biotechnology,(2012),,identifier_only,1,1,1,
10.1007/s12010-013-0406-9,literature,10.1007/s12010-013-0406-9,,,,2013,2013,2013,,,,literature,Applied Biochemistry and Biotechnology,Applied Biochemistry and Biotechnology,(2013),,identifier_only,3,1,1,
10.1007/s12010-013-0610-7,literature,10.1007/s12010-013-0610-7,,,,2014,2014,2014,,,,literature,Applied Biochemistry and Biotechnology,Applied Biochemistry and Biotechnology,(2014),,identifier_only,1,1,1,
10.1007/s12010-013-0690-4,literature,10.1007/s12010-013-0690-4,,,,2014,2014,2014,,,,literature,Applied Biochemistry and Biotechnology,Applied Biochemistry and Biotechnology,(2014),,identifier_only,12,12,4,
10.1007/s12010-018-2865-5,literature,10.1007/s12010-018-2865-5,,,,2019,2019,2019,,,,literature,Applied Biochemistry and Biotechnology 187:1046-1060,Applied Biochemistry and Biotechnology 187:1046-1060,(2019),,identifier_only,8,1,1,
10.1007/s12010-020-03453-0,literature,10.1007/s12010-020-03453-0,,,,,not_reported,,,,,literature,,,Source metadata partially verified,,identifier_only,1,1,1,
10.1007/s12010-025-05392-0,literature,10.1007/s12010-025-05392-0,,,,2025,2025,2025,,,,literature,Applied Biochemistry and Biotechnology,Applied Biochemistry and Biotechnology,(2025),,identifier_only,1,1,1,
10.1007/s12223-014-0320-8,literature,10.1007/s12223-014-0320-8,,,,2014,2014,2014,,,,literature,Folia Microbiologica,Folia Microbiologica,(2014),,identifier_only,1,1,1,
10.1007/s12257-011-0347-5,literature,10.1007/s12257-011-0347-5,,,,2012,2012,2012,,,,literature,Biotechnology and Bioprocess Engineering,Biotechnology and Bioprocess Engineering,(2012),,identifier_only,6,1,1,
10.1007/s13197-020-04784-w,literature,10.1007/s13197-020-04784-w,,,,2020,2020,2020,,,,literature,Journal of Food Science and Technology,Journal of Food Science and Technology,(2020),,identifier_only,3,1,1,
10.1007/s13205-018-1414-9,literature,10.1007/s13205-018-1414-9,,,,2018,2018,2018,,,,literature,3 Biotech,3 Biotech,(2018),,identifier_only,1,1,1,
10.1007/s13205-018-1506-6,literature,10.1007/s13205-018-1506-6,,,,2018,2018,2018,,,,literature,3 Biotech,3 Biotech,(2018),,identifier_only,1,1,1,
10.1007/s13205-021-03095-x,literature,10.1007/s13205-021-03095-x,,,,2022,2022,2022,,,,literature,3 Biotech,3 Biotech,(2022),,identifier_only,24,3,3,
10.1007/s13205-026-04884-y,literature,10.1007/s13205-026-04884-y,,,,,not_reported,,,,,literature,,,Source metadata partially verified,,identifier_only,2,2,1,
10.1007/s43393-023-00179-y,literature,10.1007/s43393-023-00179-y,,,,2023,2023,2023,,,,literature,Systems Microbiology and Biomanufacturing,Systems Microbiology and Biomanufacturing,(2023),,identifier_only,22,18,11,
10.1016/j.bcab.2014.11.007,literature,10.1016/j.bcab.2014.11.007,,,,2015,2015,2015,,,,literature,Biocatalysis and Agricultural Biotechnology 4 (2015) 103-108,Biocatalysis and Agricultural Biotechnology 4 (2015) 103-108,(2015),,identifier_only,13,13,1,
10.1016/j.bcab.2020.101806,literature,10.1016/j.bcab.2020.101806,,,,2021,2021,2021,,,,literature,Biocatalysis and Agricultural Biotechnology,Biocatalysis and Agricultural Biotechnology,(2021),,identifier_only,10,2,1,
10.1016/j.bej.2012.03.004,literature,10.1016/j.bej.2012.03.004,,,,2012,2012,2012,,,,literature,Biochemical Engineering Journal,Biochemical Engineering Journal,(2012),,identifier_only,1,1,1,
10.1016/j.bej.2022.108659,literature,10.1016/j.bej.2022.108659,,,,2022,2022,2022,,,,literature,Biochemical Engineering Journal,Biochemical Engineering Journal,(2022),,identifier_only,24,12,12,
10.1016/j.biortech.2008.10.063,literature,10.1016/j.biortech.2008.10.063,,,,,not_reported,,,,,literature,,,Source metadata partially verified,,identifier_only,3,3,1,
10.1016/j.biortech.2011.03.083,literature,10.1016/j.biortech.2011.03.083,,,,2011,2011,2011,,,,literature,Bioresource Technology,Bioresource Technology,(2011),,identifier_only,1,1,1,
10.1016/j.biortech.2013.08.101,literature,10.1016/j.biortech.2013.08.101,,,,2013,2013,2013,,,,literature,Bioresource Technology,Bioresource Technology,(2013),,identifier_only,6,2,1,
10.1016/j.biortech.2017.05.108,literature,10.1016/j.biortech.2017.05.108,,,,2017,2017,2017,,,,literature,Bioresource Technology,Bioresource Technology,(2017),,identifier_only,8,8,4,
10.1016/j.biortech.2022.126769,literature,10.1016/j.biortech.2022.126769,,,,2022,2022,2022,,,,literature,Bioresource Technology 348 (2022) 126769,Bioresource Technology 348 (2022) 126769,(2022),,identifier_only,78,12,6,
10.1016/j.biteb.2022.101228,literature,10.1016/j.biteb.2022.101228,,,,2022,2022,2022,,,,literature,Bioresource Technology Reports,Bioresource Technology Reports,(2022),,identifier_only,2,2,2,
10.1016/j.bjm.2015.04.002,literature,10.1016/j.bjm.2015.04.002,,,,2016,2016,2016,,,,literature,Brazilian Journal of Microbiology,Brazilian Journal of Microbiology,(2016),,identifier_only,2,1,1,
10.1016/j.btre.2021.e00659,literature,10.1016/j.btre.2021.e00659,,,,,not_reported,,,,,literature,,,Source metadata partially verified,,identifier_only,1,1,1,
10.1016/j.cscee.2024.100721,literature,10.1016/j.cscee.2024.100721,,,,2024,2024,2024,,,,literature,Case Studies in Chemical and Environmental Engineering,Case Studies in Chemical and Environmental Engineering,(2024),,identifier_only,4,1,1,
10.1016/j.envres.2022.113570,literature,10.1016/j.envres.2022.113570,,,,,not_reported,,,,,literature,,,Source metadata partially verified,,identifier_only,32,32,4,
10.1016/j.enzmictec.2016.10.007,literature,10.1016/j.enzmictec.2016.10.007,,,,2017,2017,2017,,,,literature,Enzyme and Microbial Technology,Enzyme and Microbial Technology,(2017),,identifier_only,30,4,1,
10.1016/j.enzmictec.2017.03.010,literature,10.1016/j.enzmictec.2017.03.010,,,,2017,2017,2017,,,,literature,Enzyme and Microbial Technology,Enzyme and Microbial Technology,(2017),,identifier_only,32,4,4,
10.1016/j.enzmictec.2022.110072,literature,10.1016/j.enzmictec.2022.110072,,,,2022,2022,2022,,,,literature,Enzyme and Microbial Technology,Enzyme and Microbial Technology,(2022),,identifier_only,210,37,15,
10.1016/j.fuel.2021.121514,literature,10.1016/j.fuel.2021.121514,,,,2021,2021,2021,,,,literature,Fuel,Fuel,(2021),,identifier_only,42,7,7,
10.1016/j.ijbiomac.2016.06.095,literature,10.1016/j.ijbiomac.2016.06.095,,,,2016,2016,2016,,,,literature,International Journal of Biological Macromolecules,International Journal of Biological Macromolecules,(2016),,identifier_only,1,1,1,
10.1016/j.ijbiomac.2017.06.003,literature,10.1016/j.ijbiomac.2017.06.003,,,,2017,2017,2017,,,,literature,International Journal of Biological Macromolecules,International Journal of Biological Macromolecules,(2017),,identifier_only,27,27,3,
10.1016/j.ijbiomac.2017.11.173,literature,10.1016/j.ijbiomac.2017.11.173,,,,2018,2018,2018,,,,literature,International Journal of Biological Macromolecules,International Journal of Biological Macromolecules,(2018),,identifier_only,4,1,1,
10.1016/j.ijbiomac.2018.05.087,literature,10.1016/j.ijbiomac.2018.05.087,,,,2018,2018,2018,,,,literature,International Journal of Biological Macromolecules,International Journal of Biological Macromolecules,(2018),,identifier_only,1,1,1,
10.1016/j.ijbiomac.2018.07.169,literature,10.1016/j.ijbiomac.2018.07.169,,,,2018,2018,2018,,,,literature,International Journal of Biological Macromolecules,International Journal of Biological Macromolecules,(2018),,identifier_only,1,1,1,
10.1016/j.ijbiomac.2020.02.145,literature,10.1016/j.ijbiomac.2020.02.145,,,,2020,2020,2020,,,,literature,International Journal of Biological Macromolecules,International Journal of Biological Macromolecules,(2020),,identifier_only,10,2,1,
10.1016/j.ijbiomac.2025.148467,literature,10.1016/j.ijbiomac.2025.148467,,,,2025,2025,2025,,,,literature,International Journal of Biological Macromolecules,International Journal of Biological Macromolecules,(2025),,identifier_only,48,6,6,
10.1016/j.jbiosc.2017.06.012,literature,10.1016/j.jbiosc.2017.06.012,,,,2017,2017,2017,,,,literature,Journal of Bioscience and Bioengineering,Journal of Bioscience and Bioengineering,(2017),,identifier_only,12,11,1,
10.1016/j.jbiotec.2012.11.006,literature,10.1016/j.jbiotec.2012.11.006,,,,2013,2013,2013,,,,literature,Journal of Biotechnology,Journal of Biotechnology,(2013),,identifier_only,28,21,6,
10.1016/j.jbiotec.2013.10.012,literature,10.1016/j.jbiotec.2013.10.012,,,,2013,2013,2013,,,,literature,Journal of Biotechnology,Journal of Biotechnology,(2013),,identifier_only,2,2,1,
10.1016/j.jbiotec.2016.04.034,literature,10.1016/j.jbiotec.2016.04.034,,,,,not_reported,,,,,literature,,,Source metadata partially verified,,identifier_only,3,3,1,
10.1016/j.jclepro.2024.141949,literature,10.1016/j.jclepro.2024.141949,,,,2024,2024,2024,,,,literature,Journal of Cleaner Production 450 (2024) 141949,Journal of Cleaner Production 450 (2024) 141949,(2024),,identifier_only,50,10,5,
10.1016/j.jgeb.2017.06.007,literature,10.1016/j.jgeb.2017.06.007,,,,2017,2017,2017,,,,literature,Journal of Genetic Engineering and Biotechnology,Journal of Genetic Engineering and Biotechnology,(2017),,identifier_only,1,1,1,
10.1016/j.jmgm.2021.107897,literature,10.1016/j.jmgm.2021.107897,,,,2021,2021,2021,,,,literature,Journal of Molecular Graphics and Modelling,Journal of Molecular Graphics and Modelling,(2021),,identifier_only,248,16,16,
10.1016/j.molcatb.2010.06.001,literature,10.1016/j.molcatb.2010.06.001,,,,2010,2010,2010,,,,literature,Journal of Molecular Catalysis B: Enzymatic,Journal of Molecular Catalysis B: Enzymatic,(2010),,identifier_only,1,1,1,
10.1016/j.molcatb.2013.09.001,literature,10.1016/j.molcatb.2013.09.001,,,,2013,2013,2013,,,,literature,Journal of Molecular Catalysis B: Enzymatic,Journal of Molecular Catalysis B: Enzymatic,(2013),,identifier_only,8,2,2,
10.1016/j.molcatb.2014.03.002,literature,10.1016/j.molcatb.2014.03.002,,,,2014,2014,2014,,,,literature,Journal of Molecular Catalysis B: Enzymatic,Journal of Molecular Catalysis B: Enzymatic,(2014),,identifier_only,1,1,1,
10.1016/j.molcatb.2017.03.002,literature,10.1016/j.molcatb.2017.03.002,,,,2016,2016,2016,,,,literature,Journal of Molecular Catalysis B: Enzymatic,Journal of Molecular Catalysis B: Enzymatic,(2016),,identifier_only,5,1,1,
10.1016/j.pep.2006.04.015,literature,10.1016/j.pep.2006.04.015,,,,2006,2006,2006,,,,literature,Protein Expression and Purification,Protein Expression and Purification,(2006),,identifier_only,1,1,1,
10.1016/j.pep.2018.08.007,literature,10.1016/j.pep.2018.08.007,,,,2019,2019,2019,,,,literature,Protein Expression and Purification,Protein Expression and Purification,(2019),,identifier_only,6,2,1,
10.1016/j.procbio.2006.09.019,literature,10.1016/j.procbio.2006.09.019,,,,2007,2007,2007,,,,literature,Process Biochemistry,Process Biochemistry,(2007),,identifier_only,3,1,1,
10.1016/j.procbio.2008.01.023,literature,10.1016/j.procbio.2008.01.023,,,,2008,2008,2008,,,,literature,Process Biochemistry,Process Biochemistry,(2008),,identifier_only,3,3,1,
10.1016/j.procbio.2008.05.007,literature,10.1016/j.procbio.2008.05.007,,,,2008,2008,2008,,,,literature,Process Biochemistry,Process Biochemistry,(2008),,identifier_only,1,1,1,
10.1016/j.procbio.2012.01.003,literature,10.1016/j.procbio.2012.01.003,,,,2012,2012,2012,,,,literature,Process Biochemistry,Process Biochemistry,(2012),,identifier_only,6,1,1,
10.1016/j.ultsonch.2020.105211,literature,10.1016/j.ultsonch.2020.105211,,,,2020,2020,2020,,,,literature,Ultrasonics - Sonochemistry,Ultrasonics - Sonochemistry,(2020),,identifier_only,27,3,3,
10.1021/acs.jafc.4c10663,literature,10.1021/acs.jafc.4c10663,,,,2025,2025,2025,,,,literature,Journal of Agricultural and Food Chemistry,Journal of Agricultural and Food Chemistry,(2025),,identifier_only,55,5,5,
10.1021/acsomega.3c03644,literature,10.1021/acsomega.3c03644,,,,2023,2023,2023,,,,literature,ACS Omega,ACS Omega,(2023),,identifier_only,2,2,2,
10.1021/jf060835e,literature,10.1021/jf060835e,,,,2006,2006,2006,,,,literature,Journal of Agricultural and Food Chemistry,Journal of Agricultural and Food Chemistry,(2006),,identifier_only,1,1,1,
10.1021/jf200537w,literature,10.1021/jf200537w,,,,2011,2011,2011,,,,literature,Journal of Agricultural and Food Chemistry,Journal of Agricultural and Food Chemistry,(2011),,identifier_only,2,2,2,
10.1038/s41598-017-16036-7,literature,10.1038/s41598-017-16036-7,,,,2017,2017,2017,,,,literature,Scientific Reports,Scientific Reports,(2017),,identifier_only,1,1,1,
10.1038/s41598-018-27579-8,literature,10.1038/s41598-018-27579-8,,,,2018,2018,2018,,,,literature,Scientific Reports,Scientific Reports,(2018),,identifier_only,12,12,2,
10.1038/s41598-020-79199-w,literature,10.1038/s41598-020-79199-w,,,,2020,2020,2020,,,,literature,Scientific Reports,Scientific Reports,(2020),,identifier_only,1,1,1,
10.1038/s41598-026-55459-z,literature,10.1038/s41598-026-55459-z,,,,,not_reported,,,,,literature,,,Source metadata partially verified,,identifier_only,3,3,1,
10.1038/sj.jim.2900528,literature,10.1038/sj.jim.2900528,,,,1998,1998,1998,,,,literature,Journal of Industrial Microbiology & Biotechnology,Journal of Industrial Microbiology & Biotechnology,(1998),,identifier_only,1,1,1,
10.1039/c3ob41076e,literature,10.1039/c3ob41076e,,,,2013,2013,2013,,,,literature,Organic & Biomolecular Chemistry,Organic & Biomolecular Chemistry,(2013),,identifier_only,36,6,6,
10.1039/c9ra04365a,literature,10.1039/c9ra04365a,,,,2019,2019,2019,,,,literature,RSC Advances,RSC Advances,(2019),,identifier_only,3,1,1,
10.1080/07391102.2023.2282177,literature,10.1080/07391102.2023.2282177,,,,2024,2024,2024,,,,literature,,,(2024),,identifier_only,18,18,1,
10.1080/10826068.2021.1910959,literature,10.1080/10826068.2021.1910959,,,,2021,2021,2021,,,,literature,Preparative Biochemistry & Biotechnology,Preparative Biochemistry & Biotechnology,(2021),,identifier_only,1,1,1,
10.1080/10826068.2021.1920034,literature,10.1080/10826068.2021.1920034,,,,2022,2022,2022,,,,literature,Preparative Biochemistry & Biotechnology,Preparative Biochemistry & Biotechnology,(2022),,identifier_only,1,1,1,
10.1080/10826068.2023.2279111,literature,10.1080/10826068.2023.2279111,,,,2023,2023,2023,,,,literature,Preparative Biochemistry & Biotechnology,Preparative Biochemistry & Biotechnology,(2023),,identifier_only,2,2,1,
10.1080/14756366.2020.1861607,literature,10.1080/14756366.2020.1861607,,,,2021,2021,2021,,,,literature,Journal of Enzyme Inhibition and Medicinal Chemistry,Journal of Enzyme Inhibition and Medicinal Chemistry,(2021),,identifier_only,6,3,1,
10.1093/femsec/fiw046,literature,10.1093/femsec/fiw046,,,,2016,2016,2016,,,,literature,FEMS Microbiology Ecology,FEMS Microbiology Ecology,(2016),,identifier_only,2,1,1,
10.1099/mic.0.058792-0,literature,10.1099/mic.0.058792-0,,,,2012,2012,2012,,,,literature,Microbiology,Microbiology,(2012),,identifier_only,6,6,6,
10.1111/1750-3841.70302,literature,10.1111/1750-3841.70302,,,,2025,2025,2025,,,,literature,Journal of Food Science,Journal of Food Science,(2025),,identifier_only,1,1,1,
10.1111/gcbb.70009,literature,10.1111/gcbb.70009,,,,2024,2024,2024,,,,literature,GCB Bioenergy,GCB Bioenergy,(2024),,identifier_only,1,1,1,
10.11144/javeriana.sc22-1.rsmr,literature,10.11144/javeriana.sc22-1.rsmr,,,,2017,2017,2017,,,,literature,Universitas Scientiarum,Universitas Scientiarum,(2017),,identifier_only,8,2,1,
10.1128/AEM.02072-14,literature,10.1128/AEM.02072-14,,,,2014,2014,2014,,,,literature,Applied and Environmental Microbiology,Applied and Environmental Microbiology,(2014),,identifier_only,4,1,1,
10.1128/AEM.02143-18,literature,10.1128/AEM.02143-18,,,,2018,2018,2018,,,,literature,Applied and Environmental Microbiology,Applied and Environmental Microbiology,(2018),,identifier_only,21,7,7,
10.1128/AEM.03371-13,literature,10.1128/AEM.03371-13,,,,2014,2014,2014,,,,literature,Applied and Environmental Microbiology,Applied and Environmental Microbiology,(2014),,identifier_only,30,15,5,
10.1128/spectrum.01422-21,literature,10.1128/spectrum.01422-21,,,,2022,2022,2022,,,,literature,Microbiology Spectrum,Microbiology Spectrum,(2022),,identifier_only,3,1,1,
10.1155/2012/329178,literature,10.1155/2012/329178,,,,,not_reported,,,,,literature,,,Source metadata partially verified,,identifier_only,3,3,1,
10.1155/2014/108913,literature,10.1155/2014/108913,,,,2014,2014,2014,,,,literature,BioMed Research International,BioMed Research International,(2014),,identifier_only,3,3,1,
10.1155/2014/289749,literature,10.1155/2014/289749,,,,2014,2014,2014,,,,literature,ISRN Biochemistry,ISRN Biochemistry,(2014),,identifier_only,1,1,1,
10.1155/2016/1353497,literature,10.1155/2016/1353497,,,,2016,2016,2016,,,,literature,Enzyme Research,Enzyme Research,(2016),,identifier_only,2,2,1,
10.1186/1475-2859-10-54,literature,10.1186/1475-2859-10-54,,,,2011,2011,2011,,,,literature,Microbial Cell Factories,Microbial Cell Factories,(2011),,identifier_only,2,1,1,
10.1186/1475-2859-11-72,literature,10.1186/1475-2859-11-72,,,,2012,2012,2012,,,,literature,Microbial Cell Factories,Microbial Cell Factories,(2012),,identifier_only,2,1,1,
10.1186/1754-6834-6-70,literature,10.1186/1754-6834-6-70,,,,2013,2013,2013,,,,literature,Biotechnology for Biofuels,Biotechnology for Biofuels,(2013),,identifier_only,198,21,6,
10.1186/s12896-015-0214-0,literature,10.1186/s12896-015-0214-0,,,,2015,2015,2015,,,,literature,BMC Biotechnology,BMC Biotechnology,(2015),,identifier_only,2,1,1,
10.1186/s13068-016-0501-6,literature,10.1186/s13068-016-0501-6,,,,2016,2016,2016,,,,literature,Biotechnology for Biofuels,Biotechnology for Biofuels,(2016),,identifier_only,1,1,1,
10.1186/s13068-019-1509-5,literature,10.1186/s13068-019-1509-5,,,,2019,2019,2019,,,,literature,Biotechnology for Biofuels,Biotechnology for Biofuels,(2019),,identifier_only,2,2,2,
10.1186/s13068-021-02087-6,literature,10.1186/s13068-021-02087-6,,,,2021,2021,2021,,,,literature,Biotechnology for Biofuels,Biotechnology for Biofuels,(2021),,identifier_only,91,14,7,
10.1186/s13068-024-02478-5,literature,10.1186/s13068-024-02478-5,,,,2024,2024,2024,,,,literature,Biotechnology for Biofuels and Bioproducts,Biotechnology for Biofuels and Bioproducts,(2024),,identifier_only,30,3,3,
10.1186/s13568-025-01966-7,literature,10.1186/s13568-025-01966-7,,,,2025,2025,2025,,,,literature,AMB Express,AMB Express,(2025),,identifier_only,13,3,2,
10.1186/s13765-021-00653-y,literature,10.1186/s13765-021-00653-y,,,,2021,2021,2021,,,,literature,Applied Biological Chemistry,Applied Biological Chemistry,(2021),,identifier_only,2,1,1,
10.1186/s40643-017-0154-8,literature,10.1186/s40643-017-0154-8,,,,2017,2017,2017,,,,literature,Bioresources and Bioprocessing,Bioresources and Bioprocessing,(2017),,identifier_only,1,1,1,
10.1186/s43141-021-00155-w,literature,10.1186/s43141-021-00155-w,,,,2021,2021,2021,,,,literature,Journal of Genetic Engineering and Biotechnology,Journal of Genetic Engineering and Biotechnology,(2021),,identifier_only,1,1,1,
10.1186/s43141-023-00611-9,literature,10.1186/s43141-023-00611-9,,,,2023,2023,2023,,,,literature,Journal of Genetic Engineering and Biotechnology,Journal of Genetic Engineering and Biotechnology,(2023),,identifier_only,1,1,1,
10.1263/jbb.102.82,literature,10.1263/jbb.102.82,,,,2006,2006,2006,,,,literature,Journal of Bioscience and Bioengineering,Journal of Bioscience and Bioengineering,(2006),,identifier_only,3,2,1,
10.1271/bbb.120733,literature,10.1271/bbb.120733,,,,2013,2013,2013,,,,literature,"Bioscience, Biotechnology, and Biochemistry","Bioscience, Biotechnology, and Biochemistry",(2013),,identifier_only,2,1,1,
10.12988/asb.2013.3624,literature,10.12988/asb.2013.3624,,,,2013,2013,2013,,,,literature,Advances in Studies in Biology,Advances in Studies in Biology,(2013),,identifier_only,2,1,1,
10.1371/journal.pone.0023325,literature,10.1371/journal.pone.0023325,,,,2011,2011,2011,,,,literature,PLoS ONE,PLoS ONE,(2011),,identifier_only,1,1,1,
10.1371/journal.pone.0047665,literature,10.1371/journal.pone.0047665,,,,2012,2012,2012,,,,literature,PLOS ONE,PLOS ONE,(2012),,identifier_only,4,4,2,
10.1371/journal.pone.0273368,literature,10.1371/journal.pone.0273368,,,,2022,2022,2022,,,,literature,PLOS ONE,PLOS ONE,(2022),,identifier_only,3,3,3,
10.1371/journal.pone.0286091,literature,10.1371/journal.pone.0286091,,,,2023,2023,2023,,,,literature,PLOS ONE,PLOS ONE,(2023),,identifier_only,3,3,3,
10.1371/journal.pone.0314556,literature,10.1371/journal.pone.0314556,,,,2024,2024,2024,,,,literature,PLOS ONE,PLOS ONE,(2024),,identifier_only,2,1,1,
10.14393/bj-v38n0a2022-53865,literature,10.14393/bj-v38n0a2022-53865,,,,2022,2022,2022,,,,literature,Bioscience Journal,Bioscience Journal,(2022),,identifier_only,1,1,1,
10.15171/ijb.1225,literature,10.15171/ijb.1225,,,,2015,2015,2015,,,,literature,Iranian Journal of Biotechnology,Iranian Journal of Biotechnology,(2015),,identifier_only,1,1,1,
10.15174/au.2024.4153,literature,10.15174/au.2024.4153,,,,2024,2024,2024,,,,literature,Acta Universitaria,Acta Universitaria,(2024),,identifier_only,1,1,1,
10.15414/jmbfs.2016.5.6.602-605,literature,10.15414/jmbfs.2016.5.6.602-605,,,,2016,2016,2016,,,,literature,Journal of Microbiology Biotechnology and Food Sciences,Journal of Microbiology Biotechnology and Food Sciences,(2016),,identifier_only,1,1,1,
10.1631/jzus.b1800213,literature,10.1631/jzus.b1800213,,,,2019,2019,2019,,,,literature,Journal of Zhejiang University-SCIENCE B,Journal of Zhejiang University-SCIENCE B,(2019),,identifier_only,1,1,1,
10.20546/ijcmas.2016.511.079,literature,10.20546/ijcmas.2016.511.079,,,,2016,2016,2016,,,,literature,International Journal of Current Microbiology and Applied Sciences,International Journal of Current Microbiology and Applied Sciences,(2016),,identifier_only,2,2,2,
10.22207/jpam.10.2.68,literature,10.22207/jpam.10.2.68,,,,,not_reported,,,,,literature,,,Source metadata partially verified,,identifier_only,1,1,1,
10.22302/iribb.jur.mp.v93i2.633,literature,10.22302/iribb.jur.mp.v93i2.633,,,,2025,2025,2025,,,,literature,Menara Perkebunan,Menara Perkebunan,(2025),,identifier_only,1,1,1,
10.22302/iribb.jur.mp.v93i2.673,literature,10.22302/iribb.jur.mp.v93i2.673,,,,2025,2025,2025,,,,literature,Menara Perkebunan,Menara Perkebunan,(2025),,identifier_only,2,2,2,
10.2306/scienceasia1513-1874.2011.37.105,literature,10.2306/scienceasia1513-1874.2011.37.105,,,,2011,2011,2011,,,,literature,ScienceAsia,ScienceAsia,(2011),,identifier_only,1,1,1,
10.2306/scienceasia1513-1874.2014.40.327,literature,10.2306/scienceasia1513-1874.2014.40.327,,,,2014,2014,2014,,,,literature,ScienceAsia,ScienceAsia,(2014),,identifier_only,1,1,1,
10.2323/jgam.59.021,literature,10.2323/jgam.59.021,,,,,not_reported,,,,,literature,,,Source metadata partially verified,,identifier_only,2,2,2,
10.25083/rbl/26.5/2994.3001,literature,10.25083/rbl/26.5/2994.3001,,,,2021,2021,2021,,,,literature,Romanian Biotechnological Letters,Romanian Biotechnological Letters,(2021),,identifier_only,2,1,1,
10.2991/bbe-16.2016.33,literature,10.2991/bbe-16.2016.33,,,,2016,2016,2016,,,,literature,International Conference on Biomedical and Biological Engineering,International Conference on Biomedical and Biological Engineering,(2016),,identifier_only,1,1,1,
10.3389/fbioe.2020.00642,literature,10.3389/fbioe.2020.00642,,,,2020,2020,2020,,,,literature,Frontiers in Bioengineering and Biotechnology,Frontiers in Bioengineering and Biotechnology,(2020),,identifier_only,1,1,1,
10.3389/fbioe.2020.01034,literature,10.3389/fbioe.2020.01034,,,,2020,2020,2020,,,,literature,Frontiers in Bioengineering and Biotechnology,Frontiers in Bioengineering and Biotechnology,(2020),,identifier_only,5,5,4,
10.3389/fmicb.2021.633489,literature,10.3389/fmicb.2021.633489,,,,2021,2021,2021,,,,literature,Frontiers in Microbiology,Frontiers in Microbiology,(2021),,identifier_only,1,1,1,
10.3389/fmicb.2023.1270270,literature,10.3389/fmicb.2023.1270270,,,,2023,2023,2023,,,,literature,Frontiers in Microbiology,Frontiers in Microbiology,(2023),,identifier_only,3,1,1,
10.3390/catal12070761,literature,10.3390/catal12070761,,,,2022,2022,2022,,,,literature,Catalysts,Catalysts,(2022),,identifier_only,60,5,5,
10.3390/fermentation10120595,literature,10.3390/fermentation10120595,,,,2024,2024,2024,,,,literature,Fermentation,Fermentation,(2024),,identifier_only,2,2,2,
10.3390/ijms11093195,literature,10.3390/ijms11093195,,,,2010,2010,2010,,,,literature,International Journal of Molecular Sciences,International Journal of Molecular Sciences,(2010),,identifier_only,1,1,1,
10.3390/ijms12106765,literature,10.3390/ijms12106765,,,,2011,2011,2011,,,,literature,International Journal of Molecular Sciences,International Journal of Molecular Sciences,(2011),,identifier_only,2,1,1,
10.3390/ijms15010203,literature,10.3390/ijms15010203,,,,,not_reported,,,,,literature,,,Source metadata partially verified,,identifier_only,7,7,1,
10.3390/ijms16034865,literature,10.3390/ijms16034865,,,,2015,2015,2015,,,,literature,International Journal of Molecular Sciences,International Journal of Molecular Sciences,(2015),,identifier_only,1,1,1,
10.3390/ijms18112202,literature,10.3390/ijms18112202,,,,2017,2017,2017,,,,literature,International Journal of Molecular Sciences,International Journal of Molecular Sciences,(2017),,identifier_only,2,2,2,
10.3390/ijms19020560,literature,10.3390/ijms19020560,,,,2018,2018,2018,,,,literature,International Journal of Molecular Sciences,International Journal of Molecular Sciences,(2018),,identifier_only,1,1,1,
10.3390/ijms19041129,literature,10.3390/ijms19041129,,,,2018,2018,2018,,,,literature,International Journal of Molecular Sciences,International Journal of Molecular Sciences,(2018),,identifier_only,3,1,1,
10.3390/ijms20061264,literature,10.3390/ijms20061264,,,,2019,2019,2019,,,,literature,International Journal of Molecular Sciences,International Journal of Molecular Sciences,(2019),,identifier_only,1,1,1,
10.3390/ijms20102561,literature,10.3390/ijms20102561,,,,2019,2019,2019,,,,literature,International Journal of Molecular Sciences,International Journal of Molecular Sciences,(2019),,identifier_only,4,4,4,
10.3390/ijms21113925,literature,10.3390/ijms21113925,,,,2020,2020,2020,,,,literature,International Journal of Molecular Sciences,International Journal of Molecular Sciences,(2020),,identifier_only,24,4,2,
10.3390/ijms24108924,literature,10.3390/ijms24108924,,,,2023,2023,2023,,,,literature,International Journal of Molecular Sciences,International Journal of Molecular Sciences,(2023),,identifier_only,2,2,1,
10.3390/ijms25147928,literature,10.3390/ijms25147928,,,,2024,2024,2024,,,,literature,International Journal of Molecular Sciences,International Journal of Molecular Sciences,(2024),,identifier_only,6,6,1,
10.3390/microorganisms9040802,literature,10.3390/microorganisms9040802,,,,2021,2021,2021,,,,literature,Microorganisms,Microorganisms,(2021),,identifier_only,4,2,2,
10.3390/molecules28217393,literature,10.3390/molecules28217393,,,,,not_reported,,,,,literature,,,Source metadata partially verified,,identifier_only,8,8,4,
10.3390/molecules30030434,literature,10.3390/molecules30030434,,,,2025,2025,2025,,,,literature,Molecules,Molecules,(2025),,identifier_only,1,1,1,
10.4014/jmb.1106.06048,literature,10.4014/jmb.1106.06048,,,,2011,2011,2011,,,,literature,Journal of Microbiology and Biotechnology,Journal of Microbiology and Biotechnology,(2011),,identifier_only,6,6,1,
10.4014/jmb.1408.08039,literature,10.4014/jmb.1408.08039,,,,2015,2015,2015,,,,literature,Journal of Microbiology and Biotechnology,Journal of Microbiology and Biotechnology,(2015),,identifier_only,6,1,1,
10.4014/jmb.1506.06011,literature,10.4014/jmb.1506.06011,,,,2015,2015,2015,,,,literature,Journal of Microbiology and Biotechnology,Journal of Microbiology and Biotechnology,(2015),,identifier_only,2,1,1,
10.4014/jmb.1806.06032,literature,10.4014/jmb.1806.06032,,,,2018,2018,2018,,,,literature,Journal of Microbiology and Biotechnology,Journal of Microbiology and Biotechnology,(2018),,identifier_only,4,1,1,
10.4014/jmb.1812.12013,literature,10.4014/jmb.1812.12013,,,,2019,2019,2019,,,,literature,Journal of Microbiology and Biotechnology,Journal of Microbiology and Biotechnology,(2019),,identifier_only,1,1,1,
10.4308/hjb.30.1.71-80,literature,10.4308/hjb.30.1.71-80,,,,2023,2023,2023,,,,literature,HAYATI Journal of Biosciences,HAYATI Journal of Biosciences,(2023),,identifier_only,2,1,1,
10.48048/tis.2021.45,literature,10.48048/tis.2021.45,,,,2021,2021,2021,,,,literature,Trends in Sciences,Trends in Sciences,(2021),,identifier_only,1,1,1,
10.48048/tis.2024.8504,literature,10.48048/tis.2024.8504,,,,2024,2024,2024,,,,literature,Trends in Sciences,Trends in Sciences,(2024),,identifier_only,1,1,1,
10.48048/tis.2026.13231,literature,10.48048/tis.2026.13231,,,,2026,2026,2026,,,,literature,Trends in Sciences,Trends in Sciences,(2026),,identifier_only,3,3,1,
10.53846/goediss-8565,literature,10.53846/goediss-8565,,,,,not_reported,,,,,literature,,,Source metadata partially verified,,identifier_only,2,2,1,
10.55230/mabjournal.v49i2.1519,literature,10.55230/mabjournal.v49i2.1519,,,,,not_reported,,,,,literature,,,Source metadata partially verified,,identifier_only,1,1,1,
10.5897/ajmr2015.7493,literature,10.5897/ajmr2015.7493,,,,2015,2015,2015,,,,literature,African Journal of Microbiology Research,African Journal of Microbiology Research,(2015),,identifier_only,3,1,1,
10.7240/jeps.1211656,literature,10.7240/jeps.1211656,,,,,not_reported,,,,,literature,,,Source metadata partially verified,,identifier_only,6,6,3,
10.7717/peerj.2420,literature,10.7717/peerj.2420,,,,2016,2016,2016,,,,literature,PeerJ,PeerJ,(2016),,identifier_only,1,1,1,
10.7717/peerj.3341,literature,10.7717/peerj.3341,,,,,not_reported,,,,,literature,,,Source metadata partially verified,,identifier_only,2,2,1,
CN102174422B,patent,not_applicable_patent,CN102174422B,CN102174422_family_gap20,https://patents.google.com/patent/CN102174422B/zh,2014,2014,2014,,,,patent,patent,patent,(2014),,identifier_only,1,1,1,
CN103184160A,patent,not_applicable_patent,CN103184160A,CN103184160_family,https://patents.google.com/patent/CN103184160A/zh,2013,2013,2013,,,,patent,patent,patent,(2013),,identifier_only,9,1,1,
CN103865941B,patent,not_reported,CN103865941B,CN103865941_family,https://patents.google.com/patent/CN103865941B/zh,2018,2018,2018,,,,patent,patent,patent,(2018),,identifier_only,12,2,1,
CN104278004A,patent,not_applicable_patent,CN104278004A,CN104278004_family_gap20,https://patents.google.com/patent/CN104278004A/en,2015,2015,2015,,,,patent,patent,patent,(2015),,identifier_only,5,1,1,
CN108251400B,patent,not_applicable_patent,CN108251400B,CN108251400_family,https://patents.google.com/patent/CN108251400B/en,2022,2022,2022,,,,patent,patent,patent,(2022),,identifier_only,9,3,3,
CN115369099B,patent,not_applicable_patent,CN115369099B,CN115369099B_single_family,https://patents.google.com/patent/CN115369099B/en,2023,2023,2023,,,,patent,patent,patent,(2023),,identifier_only,67,10,5,
CN117070495B,patent,not_applicable_patent,CN117070495B,CN117070495_family,https://patents.google.com/patent/CN117070495B/zh,2024,2024,2024,,,,patent,patent,patent,(2024),,identifier_only,50,10,5,
CN117887688A,patent,not_applicable_patent,CN117887688A,CN117887688_family,https://patents.google.com/patent/CN117887688A/zh,2024,2024,2024,,,,patent,patent,patent,(2024),,identifier_only,1,1,1,
CN119082082B,patent,not_applicable_patent,CN119082082B,CN119082082B_single_family,https://patents.google.com/patent/CN119082082B/en,2025,2025,2025,,,,patent,patent,patent,(2025),,identifier_only,2,2,2,
EP2050823A1,patent,not_applicable_patent,EP2050823A1,EP2050823_family_gap20,https://patents.google.com/patent/EP2050823A1/en,,,,,,,patent,patent,patent,Source metadata partially verified,,identifier_only,11,11,1,
REF_P1A_B1D_CNKI_01,literature,not_reported,,,,2010,2010,2010,Authors not fully resolved,Screening and identification of a cold-adapted lipase-producing strain and characterization of enzyme production and properties,低温脂肪酶产生菌筛选与鉴定、产酶条件及酶学性质研究,journal article,Journal of Yunnan University,Journal of Yunnan University,Authors not fully resolved (2010). Screening and identification of a cold-adapted lipase-producing strain and characterization of enzyme production and properties,article first page; bibliographic year visible but author text extraction degraded,partial_verified,4,1,1,
REF_P1A_LU02_05,literature,not_reported,,,,2015,2025,2015,Chaudhry Haider Ali et al.,Organic Solvent Tolerant Lipase from Pseudomonas aeruginosa FW_SH-1: Purification and Characterization,,journal article,JSM Enzymology and Protein Science,JSM Enzymology and Protein Science,Chaudhry Haider Ali et al. (2015). Organic Solvent Tolerant Lipase from Pseudomonas aeruginosa FW_SH-1: Purification and Characterization,article first page; author title and publication date visible,verified,1,1,1,
REF_P1A_LU03_04,literature,not_reported,,,,2013,2014,2013,Deepali Bisht et al.,An oxidant and organic solvent tolerant alkaline lipase by P. aeruginosa mutant: Downstream processing and biochemical characterization,,journal article,Brazilian Journal of Microbiology,Brazilian Journal of Microbiology,Deepali Bisht et al. (2013). An oxidant and organic solvent tolerant alkaline lipase by P. aeruginosa mutant: Downstream processing and biochemical characterization,article first page; author title and year visible,verified,8,1,1,
REF_P1A_LU06_04,literature,not_reported,,,,2024,2025,2024,He Yunlou,Molecular dynamics simulation combined with machine learning guidance for rational design of lipase UM-1 to improve organic solvent tolerance,分子动力学模拟结合机器学习指导脂肪酶UM-1理性设计提高有机溶剂耐受研究,master's thesis,South China University of Technology,South China University of Technology,He Yunlou (2024). Molecular dynamics simulation combined with machine learning guidance for rational design of lipase UM-1 to improve organic solvent tolerance,thesis title page; submission date 2024-04-20 and formal page 2024-05-06,verified,15,5,5,
REF_P1A_LU08_05,literature,not_reported,,,,1996,1996,1996,A. Makhzoum et al.,Purification and Properties of Lipase from Pseudomonas fluorescens Strain 2D,,journal article,International Dairy Journal,International Dairy Journal,A. Makhzoum et al. (1996). Purification and Properties of Lipase from Pseudomonas fluorescens Strain 2D,article first page; author title and year visible,verified,1,1,1,
REF_P1A_LU13_02,literature,not_reported,,,,1998,1998,1998,Dong-Won Choo et al.,A Cold-Adapted Lipase of an Alaskan Psychrotroph Pseudomonas sp. Strain B11-1: Gene Cloning and Enzyme Purification and Characterization,,journal article,Applied and Environmental Microbiology,Applied and Environmental Microbiology,Dong-Won Choo et al. (1998). A Cold-Adapted Lipase of an Alaskan Psychrotroph Pseudomonas sp. Strain B11-1: Gene Cloning and Enzyme Purification and Characterization,article first page; author title and year visible,verified,2,1,1,
REF_P1A_LU14_02,literature,not_reported,,,,2009,2009,2009,Tengku Haziyamin Tengku Abd Hamid et al.,Characterization and solvent stable features of Strep-tagged purified recombinant lipase from thermostable and solvent tolerant Bacillus sp. strain 42,,journal article,Annals of Microbiology,Annals of Microbiology,Tengku Haziyamin Tengku Abd Hamid et al. (2009). Characterization and solvent stable features of Strep-tagged purified recombinant lipase from thermostable and solvent tolerant Bacillus sp. strain 42,article first page; author title and year visible,verified,4,4,1,
REF_P1A_LU16_01,literature,not_reported,,,,2016,2016,2016,Xianghai Cai et al.,Biodegradation of waste greases and biochemical properties of a novel lipase from Pseudomonas synxantha PS1,,journal article,Canadian Journal of Microbiology,Canadian Journal of Microbiology,Xianghai Cai et al. (2016). Biodegradation of waste greases and biochemical properties of a novel lipase from Pseudomonas synxantha PS1,non-protein organism identifier excluded from public output,partial_verified,2,1,1,
REF_P1A_LU17_02,literature,not_reported,,,,2016,2016,2016,Amal A. Elgharbawy et al.,Characterization of low-cost lipase by solid-state fermentation of palm kernel cake using Candida cylindracea,,journal article,ARPN Journal of Engineering and Applied Sciences,ARPN Journal of Engineering and Applied Sciences,Amal A. Elgharbawy et al. (2016). Characterization of low-cost lipase by solid-state fermentation of palm kernel cake using Candida cylindracea,article first page; author title and year visible,verified,3,1,1,
REF_P1A_UM1_FORMAL_06_XIAO2022,literature,not_reported,,,,2022,2022,2022,Xiao Yang,Rational modification to improve the esterification ability of lipase MAS1 and its high-density fermentation,提高脂肪酶MAS1酯化能力的理性改造及其高密度发酵的研究,master's thesis,South China University of Technology,South China University of Technology,Xiao Yang (2022). Rational modification to improve the esterification ability of lipase MAS1 and its high-density fermentation,thesis title page; submission date 2022-06-08,verified,7,7,7,
REF_P1A_UM1_FORMAL_09_YANG2022,literature,not_reported,,,,2022,2022,2022,Yang Yang,Molecular modification and application of lipase MAS1 esterification product accumulation preference,脂肪酶MAS1酯化产物积累偏好性的分子改造及其应用研究,master's thesis,South China University of Technology,South China University of Technology,Yang Yang (2022). Molecular modification and application of lipase MAS1 esterification product accumulation preference,thesis title page; submission date 2022-06-08,verified,3,3,3,
REF_S3_NOT_REPORTED,literature,not_reported,,,,2018-2023,not_reported,2018-2023,Multiple authors,Multiple thesis and grey-literature sources; source identity unresolved,多篇学位论文与灰色文献聚合来源,aggregated unresolved sources,Multiple institutions,Multiple institutions,Multiple authors (2018-2023). Multiple thesis and grey-literature sources; source identity unresolved,five deposited first pages reviewed; one source key maps to multiple documents,partial_verified,10,10,5,
SM-004,literature,not_reported,,,,2015,not_reported,2015,Chusnul Hidayat et al.,Characterization of Aspergillus niger 65i6 lipase from solid-state fermentation using Jatropha seed cake medium,,journal article,Indonesian Journal of Biotechnology,Indonesian Journal of Biotechnology,Chusnul Hidayat et al. (2015). Characterization of Aspergillus niger 65i6 lipase from solid-state fermentation using Jatropha seed cake medium,article first page; author title and year visible,verified,1,1,1,
SM-025,literature,not_reported,,,,2023,not_reported,2023,Li Lilang,Study on the molecular modification and enzymatic properties of lipase SMG1,脂肪酶SMG1的分子改造和酶学特性研究,doctoral thesis,South China University of Technology,South China University of Technology,Li Lilang (2023). Study on the molecular modification and enzymatic properties of lipase SMG1,thesis title page; submission date 2023-04-18,verified,2,2,2,
SM-030,literature,not_reported,,,,2023,not_reported,2023,Wan Chufeng,Study on Fermentation and Preparation of Lipase MAS1,脂肪酶MAS1的发酵制备及制剂化研究,master's thesis,South China University of Technology,South China University of Technology,Wan Chufeng (2023). Study on Fermentation and Preparation of Lipase MAS1,thesis title page; submission date 2023-04-20,verified,2,2,1,
SM-038,literature,not_reported,,,,2016,not_reported,2016,Man Qu,Cloning expression and characterization of lipase MAS1,脂肪酶MAS1的基因克隆、表达及其性质研究,master's thesis,South China University of Technology,South China University of Technology,Man Qu (2016). Cloning expression and characterization of lipase MAS1,thesis title page; submission date 2016-03-28,verified,1,1,1,
WO2009069116A2,patent,not_applicable_patent,WO2009069116A2,WO2009069116_family_gap20,https://patents.google.com/patent/WO2009069116A2/en,,,,,,,patent,patent,patent,Source metadata partially verified,,identifier_only,2,2,1,
WO2011067349A1,patent,not_applicable_patent,WO2011067349A1,google_patents_family_43618817,https://patents.google.com/patent/WO2011067349A1/en,2011,2011,2011,,,,patent,patent,patent,(2011),,identifier_only,33,33,33,
WO2013022320A2,patent,not_applicable_patent,WO2013022320A2,WO2013022320_family_gap20,https://patents.google.com/patent/WO2013022320A2/en,2013,2013,2013,,,,patent,patent,patent,(2013),,identifier_only,1,1,1,
WO2014074352A1,patent,not_applicable_patent,WO2014074352A1,google_patents_family_57631671,https://patents.google.com/patent/WO2014074352A1/en,2014,2014,2014,,,,patent,not_applicable_patent_publication,not_applicable_patent_publication,(2014),,identifier_only,201,21,6,
WO2023282853A2,patent,not_applicable_patent,WO2023282853A2,google_patents_family_WO2023282853,https://patents.google.com/patent/WO2023282853A2/en,2023,2023,2023,,,,patent,not_applicable_patent_publication,not_applicable_patent_publication,(2023),,identifier_only,330,66,66,
