policy_id,table_name,column_name,raw_unit,canonical_unit,allowed_conversion,forbidden_conversion,conversion_status,raw_value_required,rule_version,evidence_basis,note,promotion_status,decision_id,provenance
UNIT_ALL_ENZYME_INDEX_LTS_REF,all_enzyme_index,LTS_ref,not_applicable_or_embedded_in_raw_value,not_applicable_or_embedded_in_raw_value,identity; numeric parsing without changing source value,dimension-changing or basis-guessing conversion,identity_or_parse_only,yes,WEBSCHEMA1-2026-10-05,public_header:downloads_csv+release_zip_csv+sqlite;sqlite_type:REAL;generator:scripts/build_static_web_mvp.py;DOCS1R_reuse=bounded,"Any future normalized value must carry source_value, conversion_rule, rule_version, and provenance.",identity_parse_only,WEBR8-D09,raw value retained; no cross-basis inference
UNIT_ALL_ENZYME_INDEX_LTS_REF_CI_HIGH,all_enzyme_index,LTS_ref_ci_high,not_applicable_or_embedded_in_raw_value,not_applicable_or_embedded_in_raw_value,identity; numeric parsing without changing source value,dimension-changing or basis-guessing conversion,identity_or_parse_only,yes,WEBSCHEMA1-2026-10-05,public_header:downloads_csv+release_zip_csv+sqlite;sqlite_type:REAL;generator:scripts/build_static_web_mvp.py;DOCS1R_reuse=bounded,"Any future normalized value must carry source_value, conversion_rule, rule_version, and provenance.",identity_parse_only,WEBR8-D09,raw value retained; no cross-basis inference
UNIT_ALL_ENZYME_INDEX_LTS_REF_CI_LOW,all_enzyme_index,LTS_ref_ci_low,not_applicable_or_embedded_in_raw_value,not_applicable_or_embedded_in_raw_value,identity; numeric parsing without changing source value,dimension-changing or basis-guessing conversion,identity_or_parse_only,yes,WEBSCHEMA1-2026-10-05,public_header:downloads_csv+release_zip_csv+sqlite;sqlite_type:REAL;generator:scripts/build_static_web_mvp.py;DOCS1R_reuse=bounded,"Any future normalized value must carry source_value, conversion_rule, rule_version, and provenance.",identity_parse_only,WEBR8-D09,raw value retained; no cross-basis inference
UNIT_ALL_ENZYME_INDEX_EVIDENCE_COUNT,all_enzyme_index,evidence_count,count,count,identity; numeric parsing without changing source value,dimension-changing or basis-guessing conversion,identity_or_parse_only,yes,WEBSCHEMA1-2026-10-05,public_header:downloads_csv+release_zip_csv+sqlite;sqlite_type:INTEGER;generator:scripts/build_static_web_mvp.py;DOCS1R_reuse=bounded,"Any future normalized value must carry source_value, conversion_rule, rule_version, and provenance.",identity_parse_only,WEBR8-D09,raw value retained; no cross-basis inference
UNIT_ALL_ENZYME_INDEX_INCUBATION_TEMP_C,all_enzyme_index,incubation_temp_C,degree_Celsius,degree_Celsius,identity; numeric parsing without changing source value,dimension-changing or basis-guessing conversion,identity_or_parse_only,yes,WEBSCHEMA1-2026-10-05,public_header:downloads_csv+release_zip_csv+sqlite;sqlite_type:TEXT;generator:scripts/build_static_web_mvp.py;DOCS1R_reuse=bounded,"Any future normalized value must carry source_value, conversion_rule, rule_version, and provenance.",identity_parse_only,WEBR8-D09,raw value retained; no cross-basis inference
UNIT_ALL_ENZYME_INDEX_INCUBATION_TIME_H,all_enzyme_index,incubation_time_h,hour,hour,identity; numeric parsing without changing source value,dimension-changing or basis-guessing conversion,identity_or_parse_only,yes,WEBSCHEMA1-2026-10-05,public_header:downloads_csv+release_zip_csv+sqlite;sqlite_type:REAL;generator:scripts/build_static_web_mvp.py;DOCS1R_reuse=bounded,"Any future normalized value must carry source_value, conversion_rule, rule_version, and provenance.",identity_parse_only,WEBR8-D09,raw value retained; no cross-basis inference
UNIT_ALL_ENZYME_INDEX_LITERATURE_EVIDENCE_COUNT,all_enzyme_index,literature_evidence_count,count,count,identity; numeric parsing without changing source value,dimension-changing or basis-guessing conversion,identity_or_parse_only,yes,WEBSCHEMA1-2026-10-05,public_header:downloads_csv+release_zip_csv+sqlite;sqlite_type:INTEGER;generator:scripts/build_static_web_mvp.py;DOCS1R_reuse=bounded,"Any future normalized value must carry source_value, conversion_rule, rule_version, and provenance.",identity_parse_only,WEBR8-D09,raw value retained; no cross-basis inference
UNIT_ALL_ENZYME_INDEX_MAX_INCUBATION_TIME_H,all_enzyme_index,max_incubation_time_h,hour,hour,identity; numeric parsing without changing source value,dimension-changing or basis-guessing conversion,identity_or_parse_only,yes,WEBSCHEMA1-2026-10-05,public_header:downloads_csv+release_zip_csv+sqlite;sqlite_type:REAL;generator:scripts/build_static_web_mvp.py;DOCS1R_reuse=bounded,"Any future normalized value must carry source_value, conversion_rule, rule_version, and provenance.",identity_parse_only,WEBR8-D09,raw value retained; no cross-basis inference
UNIT_ALL_ENZYME_INDEX_MAX_METHANOL_CONC_PERCENT,all_enzyme_index,max_methanol_conc_percent,percent,percent,identity; numeric parsing without changing source value,dimension-changing or basis-guessing conversion,identity_or_parse_only,yes,WEBSCHEMA1-2026-10-05,public_header:downloads_csv+release_zip_csv+sqlite;sqlite_type:REAL;generator:scripts/build_static_web_mvp.py;DOCS1R_reuse=bounded,"Any future normalized value must carry source_value, conversion_rule, rule_version, and provenance.",identity_parse_only,WEBR8-D09,raw value retained; no cross-basis inference
UNIT_ALL_ENZYME_INDEX_MAX_RESIDUAL_ACTIVITY_PERCENT,all_enzyme_index,max_residual_activity_percent,percent,percent,identity; numeric parsing without changing source value,dimension-changing or basis-guessing conversion,identity_or_parse_only,yes,WEBSCHEMA1-2026-10-05,public_header:downloads_csv+release_zip_csv+sqlite;sqlite_type:REAL;generator:scripts/build_static_web_mvp.py;DOCS1R_reuse=bounded,"Any future normalized value must carry source_value, conversion_rule, rule_version, and provenance.",identity_parse_only,WEBR8-D09,raw value retained; no cross-basis inference
UNIT_ALL_ENZYME_INDEX_MEASUREMENT_ROW_COUNT,all_enzyme_index,measurement_row_count,count,count,identity; numeric parsing without changing source value,dimension-changing or basis-guessing conversion,identity_or_parse_only,yes,WEBSCHEMA1-2026-10-05,public_header:downloads_csv+release_zip_csv+sqlite;sqlite_type:INTEGER;generator:scripts/build_static_web_mvp.py;DOCS1R_reuse=bounded,"Any future normalized value must carry source_value, conversion_rule, rule_version, and provenance.",identity_parse_only,WEBR8-D09,raw value retained; no cross-basis inference
UNIT_ALL_ENZYME_INDEX_METHANOL_CONC_PERCENT,all_enzyme_index,methanol_conc_percent,percent_source_basis_unknown,percent_source_basis_unknown,none until basis is explicitly encoded,"percent to percent v/v, w/v, mol/mol, or mass fraction by assumption",forbidden_without_basis,yes,WEBSCHEMA1-2026-10-05,public_header:downloads_csv+release_zip_csv+sqlite;sqlite_type:REAL;generator:scripts/build_static_web_mvp.py;DOCS1R_reuse=bounded,"Any future normalized value must carry source_value, conversion_rule, rule_version, and provenance.",identity_parse_only,WEBR8-D09,raw value retained; no cross-basis inference
UNIT_ALL_ENZYME_INDEX_PATENT_EVIDENCE_COUNT,all_enzyme_index,patent_evidence_count,count,count,identity; numeric parsing without changing source value,dimension-changing or basis-guessing conversion,identity_or_parse_only,yes,WEBSCHEMA1-2026-10-05,public_header:downloads_csv+release_zip_csv+sqlite;sqlite_type:INTEGER;generator:scripts/build_static_web_mvp.py;DOCS1R_reuse=bounded,"Any future normalized value must carry source_value, conversion_rule, rule_version, and provenance.",identity_parse_only,WEBR8-D09,raw value retained; no cross-basis inference
UNIT_ALL_ENZYME_INDEX_PROTEIN_SEQUENCE_LENGTH_AA,all_enzyme_index,protein_sequence_length_aa,amino_acid_count,amino_acid_count,identity; numeric parsing without changing source value,dimension-changing or basis-guessing conversion,identity_or_parse_only,yes,WEBSCHEMA1-2026-10-05,public_header:downloads_csv+release_zip_csv+sqlite;sqlite_type:INTEGER;generator:scripts/build_static_web_mvp.py;DOCS1R_reuse=bounded,"Any future normalized value must carry source_value, conversion_rule, rule_version, and provenance.",identity_parse_only,WEBR8-D09,raw value retained; no cross-basis inference
UNIT_ALL_ENZYME_INDEX_PROTOCOL_UNIT_COUNT,all_enzyme_index,protocol_unit_count,count,count,identity; numeric parsing without changing source value,dimension-changing or basis-guessing conversion,identity_or_parse_only,yes,WEBSCHEMA1-2026-10-05,public_header:downloads_csv+release_zip_csv+sqlite;sqlite_type:INTEGER;generator:scripts/build_static_web_mvp.py;DOCS1R_reuse=bounded,"Any future normalized value must carry source_value, conversion_rule, rule_version, and provenance.",identity_parse_only,WEBR8-D09,raw value retained; no cross-basis inference
UNIT_ALL_ENZYME_INDEX_T7A_CONFIDENCE_PERCENTILE,all_enzyme_index,t7a_confidence_percentile,percent,percent,identity; numeric parsing without changing source value,dimension-changing or basis-guessing conversion,identity_or_parse_only,yes,WEBSCHEMA1-2026-10-05,public_header:downloads_csv+release_zip_csv+sqlite;sqlite_type:REAL;generator:scripts/build_static_web_mvp.py;DOCS1R_reuse=bounded,"Any future normalized value must carry source_value, conversion_rule, rule_version, and provenance.",identity_parse_only,WEBR8-D09,raw value retained; no cross-basis inference
UNIT_ASSAY_PROTOCOL_ENZYME_CONC,assay_protocol,enzyme_conc,source_reported_unit_string,source_reported_unit_string,none; retain source-reported numeric+unit string,"forced conversion to mg/ml without molecular mass, purity, and explicit source unit",preserve_raw,yes,WEBSCHEMA1-2026-10-05,public_header:downloads_csv+release_zip_csv+sqlite;sqlite_type:TEXT;generator:scripts/build_static_web_mvp.py;DOCS1R_reuse=bounded,"Any future normalized value must carry source_value, conversion_rule, rule_version, and provenance.",identity_parse_only,WEBR8-D09,raw value retained; no cross-basis inference
UNIT_ASSAY_PROTOCOL_INCUBATION_TEMP_C,assay_protocol,incubation_temp_C,degree_Celsius,degree_Celsius,identity; numeric parsing without changing source value,dimension-changing or basis-guessing conversion,identity_or_parse_only,yes,WEBSCHEMA1-2026-10-05,public_header:downloads_csv+release_zip_csv+sqlite;sqlite_type:TEXT;generator:scripts/build_static_web_mvp.py;DOCS1R_reuse=bounded,"Any future normalized value must carry source_value, conversion_rule, rule_version, and provenance.",identity_parse_only,WEBR8-D09,raw value retained; no cross-basis inference
UNIT_ASSAY_PROTOCOL_INCUBATION_TIME_VALUES_H,assay_protocol,incubation_time_values_h,hour,hour,identity; numeric parsing without changing source value,dimension-changing or basis-guessing conversion,identity_or_parse_only,yes,WEBSCHEMA1-2026-10-05,public_header:downloads_csv+release_zip_csv+sqlite;sqlite_type:TEXT;generator:scripts/build_static_web_mvp.py;DOCS1R_reuse=bounded,"Any future normalized value must carry source_value, conversion_rule, rule_version, and provenance.",identity_parse_only,WEBR8-D09,raw value retained; no cross-basis inference
UNIT_ASSAY_PROTOCOL_MEASUREMENT_ROW_COUNT,assay_protocol,measurement_row_count,count,count,identity; numeric parsing without changing source value,dimension-changing or basis-guessing conversion,identity_or_parse_only,yes,WEBSCHEMA1-2026-10-05,public_header:downloads_csv+release_zip_csv+sqlite;sqlite_type:INTEGER;generator:scripts/build_static_web_mvp.py;DOCS1R_reuse=bounded,"Any future normalized value must carry source_value, conversion_rule, rule_version, and provenance.",identity_parse_only,WEBR8-D09,raw value retained; no cross-basis inference
UNIT_CANONICAL_ENZYMES_FAMILY_SIZE,canonical_enzymes,family_size,not_applicable_or_embedded_in_raw_value,not_applicable_or_embedded_in_raw_value,identity; numeric parsing without changing source value,dimension-changing or basis-guessing conversion,identity_or_parse_only,yes,WEBSCHEMA1-2026-10-05,public_header:sqlite;sqlite_type:INTEGER;generator:scripts/build_static_web_mvp.py;DOCS1R_reuse=bounded,"Any future normalized value must carry source_value, conversion_rule, rule_version, and provenance.",identity_parse_only,WEBR8-D09,raw value retained; no cross-basis inference
UNIT_CANONICAL_ENZYMES_ROW_COUNT,canonical_enzymes,row_count,count,count,identity; numeric parsing without changing source value,dimension-changing or basis-guessing conversion,identity_or_parse_only,yes,WEBSCHEMA1-2026-10-05,public_header:sqlite;sqlite_type:INTEGER;generator:scripts/build_static_web_mvp.py;DOCS1R_reuse=bounded,"Any future normalized value must carry source_value, conversion_rule, rule_version, and provenance.",identity_parse_only,WEBR8-D09,raw value retained; no cross-basis inference
UNIT_CONDITION_RESPONSE_FEATURES_MEASURED_POINTS,condition_response_features,measured_points,count,count,identity; numeric parsing without changing source value,dimension-changing or basis-guessing conversion,identity_or_parse_only,yes,WEBSCHEMA1-2026-10-05,public_header:downloads_csv+release_zip_csv+sqlite;sqlite_type:INTEGER;generator:scripts/build_static_web_mvp.py;DOCS1R_reuse=bounded,"Any future normalized value must carry source_value, conversion_rule, rule_version, and provenance.",identity_parse_only,WEBR8-D09,raw value retained; no cross-basis inference
UNIT_DIRECT_EVIDENCE_A0_CV_PERCENT,direct_evidence,A0_cv_percent,percent,percent,identity; numeric parsing without changing source value,dimension-changing or basis-guessing conversion,identity_or_parse_only,yes,WEBSCHEMA1-2026-10-05,public_header:sqlite;sqlite_type:TEXT;generator:scripts/build_static_web_mvp.py;DOCS1R_reuse=bounded,"Any future normalized value must carry source_value, conversion_rule, rule_version, and provenance.",identity_parse_only,WEBR8-D09,raw value retained; no cross-basis inference
UNIT_DIRECT_EVIDENCE_A0_REPLICATE_N,direct_evidence,A0_replicate_n,not_applicable_or_embedded_in_raw_value,not_applicable_or_embedded_in_raw_value,identity; numeric parsing without changing source value,dimension-changing or basis-guessing conversion,identity_or_parse_only,yes,WEBSCHEMA1-2026-10-05,public_header:sqlite;sqlite_type:INTEGER;generator:scripts/build_static_web_mvp.py;DOCS1R_reuse=bounded,"Any future normalized value must carry source_value, conversion_rule, rule_version, and provenance.",identity_parse_only,WEBR8-D09,raw value retained; no cross-basis inference
UNIT_DIRECT_EVIDENCE_ASSAY_REACTION_TIME_MIN,direct_evidence,assay_reaction_time_min,minute,minute,identity; numeric parsing without changing source value,dimension-changing or basis-guessing conversion,identity_or_parse_only,yes,WEBSCHEMA1-2026-10-05,public_header:sqlite;sqlite_type:TEXT;generator:scripts/build_static_web_mvp.py;DOCS1R_reuse=bounded,"Any future normalized value must carry source_value, conversion_rule, rule_version, and provenance.",identity_parse_only,WEBR8-D09,raw value retained; no cross-basis inference
UNIT_DIRECT_EVIDENCE_ASSAY_TOTAL_VOLUME_ML,direct_evidence,assay_total_volume_mL,millilitre,millilitre,identity; numeric parsing without changing source value,dimension-changing or basis-guessing conversion,identity_or_parse_only,yes,WEBSCHEMA1-2026-10-05,public_header:sqlite;sqlite_type:REAL;generator:scripts/build_static_web_mvp.py;DOCS1R_reuse=bounded,"Any future normalized value must carry source_value, conversion_rule, rule_version, and provenance.",identity_parse_only,WEBR8-D09,raw value retained; no cross-basis inference
UNIT_DIRECT_EVIDENCE_ENZYME_CONC,direct_evidence,enzyme_conc,source_reported_unit_string,source_reported_unit_string,none; retain source-reported numeric+unit string,"forced conversion to mg/ml without molecular mass, purity, and explicit source unit",preserve_raw,yes,WEBSCHEMA1-2026-10-05,public_header:sqlite;sqlite_type:TEXT;generator:scripts/build_static_web_mvp.py;DOCS1R_reuse=bounded,"Any future normalized value must carry source_value, conversion_rule, rule_version, and provenance.",identity_parse_only,WEBR8-D09,raw value retained; no cross-basis inference
UNIT_DIRECT_EVIDENCE_ENZYME_PURITY_PERCENT,direct_evidence,enzyme_purity_percent,percent,percent,identity; numeric parsing without changing source value,dimension-changing or basis-guessing conversion,identity_or_parse_only,yes,WEBSCHEMA1-2026-10-05,public_header:sqlite;sqlite_type:TEXT;generator:scripts/build_static_web_mvp.py;DOCS1R_reuse=bounded,"Any future normalized value must carry source_value, conversion_rule, rule_version, and provenance.",identity_parse_only,WEBR8-D09,raw value retained; no cross-basis inference
UNIT_DIRECT_EVIDENCE_INCUBATION_PH,direct_evidence,incubation_pH,not_applicable_or_embedded_in_raw_value,not_applicable_or_embedded_in_raw_value,identity; numeric parsing without changing source value,dimension-changing or basis-guessing conversion,identity_or_parse_only,yes,WEBSCHEMA1-2026-10-05,public_header:sqlite;sqlite_type:REAL;generator:scripts/build_static_web_mvp.py;DOCS1R_reuse=bounded,"Any future normalized value must carry source_value, conversion_rule, rule_version, and provenance.",identity_parse_only,WEBR8-D09,raw value retained; no cross-basis inference
UNIT_DIRECT_EVIDENCE_INCUBATION_TEMP_C,direct_evidence,incubation_temp_C,degree_Celsius,degree_Celsius,identity; numeric parsing without changing source value,dimension-changing or basis-guessing conversion,identity_or_parse_only,yes,WEBSCHEMA1-2026-10-05,public_header:sqlite;sqlite_type:TEXT;generator:scripts/build_static_web_mvp.py;DOCS1R_reuse=bounded,"Any future normalized value must carry source_value, conversion_rule, rule_version, and provenance.",identity_parse_only,WEBR8-D09,raw value retained; no cross-basis inference
UNIT_DIRECT_EVIDENCE_INCUBATION_TIME_H,direct_evidence,incubation_time_h,hour,hour,identity; numeric parsing without changing source value,dimension-changing or basis-guessing conversion,identity_or_parse_only,yes,WEBSCHEMA1-2026-10-05,public_header:sqlite;sqlite_type:REAL;generator:scripts/build_static_web_mvp.py;DOCS1R_reuse=bounded,"Any future normalized value must carry source_value, conversion_rule, rule_version, and provenance.",identity_parse_only,WEBR8-D09,raw value retained; no cross-basis inference
UNIT_DIRECT_EVIDENCE_IONIC_STRENGTH_MM,direct_evidence,ionic_strength_mM,millimolar,millimolar,identity; numeric parsing without changing source value,dimension-changing or basis-guessing conversion,identity_or_parse_only,yes,WEBSCHEMA1-2026-10-05,public_header:sqlite;sqlite_type:TEXT;generator:scripts/build_static_web_mvp.py;DOCS1R_reuse=bounded,"Any future normalized value must carry source_value, conversion_rule, rule_version, and provenance.",identity_parse_only,WEBR8-D09,raw value retained; no cross-basis inference
UNIT_DIRECT_EVIDENCE_METHANOL_CONC_PERCENT,direct_evidence,methanol_conc_percent,percent_source_basis_unknown,percent_source_basis_unknown,none until basis is explicitly encoded,"percent to percent v/v, w/v, mol/mol, or mass fraction by assumption",forbidden_without_basis,yes,WEBSCHEMA1-2026-10-05,public_header:sqlite;sqlite_type:REAL;generator:scripts/build_static_web_mvp.py;DOCS1R_reuse=bounded,"Any future normalized value must carry source_value, conversion_rule, rule_version, and provenance.",identity_parse_only,WEBR8-D09,raw value retained; no cross-basis inference
UNIT_DIRECT_EVIDENCE_RESIDUAL_ACTIVITY_PERCENT,direct_evidence,residual_activity_percent,percent,percent,identity; numeric parsing without changing source value,dimension-changing or basis-guessing conversion,identity_or_parse_only,yes,WEBSCHEMA1-2026-10-05,public_header:sqlite;sqlite_type:REAL;generator:scripts/build_static_web_mvp.py;DOCS1R_reuse=bounded,"Any future normalized value must carry source_value, conversion_rule, rule_version, and provenance.",identity_parse_only,WEBR8-D09,raw value retained; no cross-basis inference
UNIT_ENZYME_SUMMARY_PROTOCOL_MATRIX_COUNT,enzyme_summary,protocol_matrix_count,count,count,identity; numeric parsing without changing source value,dimension-changing or basis-guessing conversion,identity_or_parse_only,yes,WEBSCHEMA1-2026-10-05,public_header:downloads_csv;sqlite_type:not_declared;generator:scripts/build_static_web_mvp.py;DOCS1R_reuse=bounded,"Any future normalized value must carry source_value, conversion_rule, rule_version, and provenance.",identity_parse_only,WEBR8-D09,raw value retained; no cross-basis inference
UNIT_ENZYME_SUMMARY_VARIANT_CLASS_COUNTS,enzyme_summary,variant_class_counts,count,count,identity; numeric parsing without changing source value,dimension-changing or basis-guessing conversion,identity_or_parse_only,yes,WEBSCHEMA1-2026-10-05,public_header:downloads_csv;sqlite_type:not_declared;generator:scripts/build_static_web_mvp.py;DOCS1R_reuse=bounded,"Any future normalized value must carry source_value, conversion_rule, rule_version, and provenance.",identity_parse_only,WEBR8-D09,raw value retained; no cross-basis inference
UNIT_EVIDENCE_MEASUREMENT_A0_CV_PERCENT,evidence_measurement,A0_cv_percent,percent,percent,identity; numeric parsing without changing source value,dimension-changing or basis-guessing conversion,identity_or_parse_only,yes,WEBSCHEMA1-2026-10-05,public_header:downloads_csv+release_zip_csv+sqlite;sqlite_type:TEXT;generator:scripts/build_static_web_mvp.py;DOCS1R_reuse=bounded,"Any future normalized value must carry source_value, conversion_rule, rule_version, and provenance.",identity_parse_only,WEBR8-D09,raw value retained; no cross-basis inference
UNIT_EVIDENCE_MEASUREMENT_A0_REPLICATE_N,evidence_measurement,A0_replicate_n,not_applicable_or_embedded_in_raw_value,not_applicable_or_embedded_in_raw_value,identity; numeric parsing without changing source value,dimension-changing or basis-guessing conversion,identity_or_parse_only,yes,WEBSCHEMA1-2026-10-05,public_header:downloads_csv+release_zip_csv+sqlite;sqlite_type:INTEGER;generator:scripts/build_static_web_mvp.py;DOCS1R_reuse=bounded,"Any future normalized value must carry source_value, conversion_rule, rule_version, and provenance.",identity_parse_only,WEBR8-D09,raw value retained; no cross-basis inference
UNIT_EVIDENCE_MEASUREMENT_ASSAY_REACTION_TIME_MIN,evidence_measurement,assay_reaction_time_min,minute,minute,identity; numeric parsing without changing source value,dimension-changing or basis-guessing conversion,identity_or_parse_only,yes,WEBSCHEMA1-2026-10-05,public_header:downloads_csv+release_zip_csv+sqlite;sqlite_type:TEXT;generator:scripts/build_static_web_mvp.py;DOCS1R_reuse=bounded,"Any future normalized value must carry source_value, conversion_rule, rule_version, and provenance.",identity_parse_only,WEBR8-D09,raw value retained; no cross-basis inference
UNIT_EVIDENCE_MEASUREMENT_ASSAY_TOTAL_VOLUME_ML,evidence_measurement,assay_total_volume_mL,millilitre,millilitre,identity; numeric parsing without changing source value,dimension-changing or basis-guessing conversion,identity_or_parse_only,yes,WEBSCHEMA1-2026-10-05,public_header:downloads_csv+release_zip_csv+sqlite;sqlite_type:REAL;generator:scripts/build_static_web_mvp.py;DOCS1R_reuse=bounded,"Any future normalized value must carry source_value, conversion_rule, rule_version, and provenance.",identity_parse_only,WEBR8-D09,raw value retained; no cross-basis inference
UNIT_EVIDENCE_MEASUREMENT_COMPLETENESS_FRACTION,evidence_measurement,completeness_fraction,fraction_0_to_1,fraction_0_to_1,identity; numeric parsing without changing source value,dimension-changing or basis-guessing conversion,identity_or_parse_only,yes,WEBSCHEMA1-2026-10-05,public_header:downloads_csv+release_zip_csv+sqlite;sqlite_type:REAL;generator:scripts/build_static_web_mvp.py;DOCS1R_reuse=bounded,"Any future normalized value must carry source_value, conversion_rule, rule_version, and provenance.",identity_parse_only,WEBR8-D09,raw value retained; no cross-basis inference
UNIT_EVIDENCE_MEASUREMENT_ENZYME_CONC,evidence_measurement,enzyme_conc,source_reported_unit_string,source_reported_unit_string,none; retain source-reported numeric+unit string,"forced conversion to mg/ml without molecular mass, purity, and explicit source unit",preserve_raw,yes,WEBSCHEMA1-2026-10-05,public_header:downloads_csv+release_zip_csv+sqlite;sqlite_type:TEXT;generator:scripts/build_static_web_mvp.py;DOCS1R_reuse=bounded,"Any future normalized value must carry source_value, conversion_rule, rule_version, and provenance.",identity_parse_only,WEBR8-D09,raw value retained; no cross-basis inference
UNIT_EVIDENCE_MEASUREMENT_ENZYME_PURITY_PERCENT,evidence_measurement,enzyme_purity_percent,percent,percent,identity; numeric parsing without changing source value,dimension-changing or basis-guessing conversion,identity_or_parse_only,yes,WEBSCHEMA1-2026-10-05,public_header:downloads_csv+release_zip_csv+sqlite;sqlite_type:TEXT;generator:scripts/build_static_web_mvp.py;DOCS1R_reuse=bounded,"Any future normalized value must carry source_value, conversion_rule, rule_version, and provenance.",identity_parse_only,WEBR8-D09,raw value retained; no cross-basis inference
UNIT_EVIDENCE_MEASUREMENT_INCUBATION_TEMP_C,evidence_measurement,incubation_temp_C,degree_Celsius,degree_Celsius,identity; numeric parsing without changing source value,dimension-changing or basis-guessing conversion,identity_or_parse_only,yes,WEBSCHEMA1-2026-10-05,public_header:downloads_csv+release_zip_csv+sqlite;sqlite_type:TEXT;generator:scripts/build_static_web_mvp.py;DOCS1R_reuse=bounded,"Any future normalized value must carry source_value, conversion_rule, rule_version, and provenance.",identity_parse_only,WEBR8-D09,raw value retained; no cross-basis inference
UNIT_EVIDENCE_MEASUREMENT_INCUBATION_TIME_H,evidence_measurement,incubation_time_h,hour,hour,identity; numeric parsing without changing source value,dimension-changing or basis-guessing conversion,identity_or_parse_only,yes,WEBSCHEMA1-2026-10-05,public_header:downloads_csv+release_zip_csv+sqlite;sqlite_type:REAL;generator:scripts/build_static_web_mvp.py;DOCS1R_reuse=bounded,"Any future normalized value must carry source_value, conversion_rule, rule_version, and provenance.",identity_parse_only,WEBR8-D09,raw value retained; no cross-basis inference
UNIT_EVIDENCE_MEASUREMENT_IONIC_STRENGTH_MM,evidence_measurement,ionic_strength_mM,millimolar,millimolar,identity; numeric parsing without changing source value,dimension-changing or basis-guessing conversion,identity_or_parse_only,yes,WEBSCHEMA1-2026-10-05,public_header:downloads_csv+release_zip_csv+sqlite;sqlite_type:TEXT;generator:scripts/build_static_web_mvp.py;DOCS1R_reuse=bounded,"Any future normalized value must carry source_value, conversion_rule, rule_version, and provenance.",identity_parse_only,WEBR8-D09,raw value retained; no cross-basis inference
UNIT_EVIDENCE_MEASUREMENT_MATRIX_EXPECTED_ROWS,evidence_measurement,matrix_expected_rows,not_applicable_or_embedded_in_raw_value,not_applicable_or_embedded_in_raw_value,identity; numeric parsing without changing source value,dimension-changing or basis-guessing conversion,identity_or_parse_only,yes,WEBSCHEMA1-2026-10-05,public_header:downloads_csv+release_zip_csv+sqlite;sqlite_type:INTEGER;generator:scripts/build_static_web_mvp.py;DOCS1R_reuse=bounded,"Any future normalized value must carry source_value, conversion_rule, rule_version, and provenance.",identity_parse_only,WEBR8-D09,raw value retained; no cross-basis inference
UNIT_EVIDENCE_MEASUREMENT_MATRIX_OBSERVED_ROWS,evidence_measurement,matrix_observed_rows,not_applicable_or_embedded_in_raw_value,not_applicable_or_embedded_in_raw_value,identity; numeric parsing without changing source value,dimension-changing or basis-guessing conversion,identity_or_parse_only,yes,WEBSCHEMA1-2026-10-05,public_header:downloads_csv+release_zip_csv+sqlite;sqlite_type:INTEGER;generator:scripts/build_static_web_mvp.py;DOCS1R_reuse=bounded,"Any future normalized value must carry source_value, conversion_rule, rule_version, and provenance.",identity_parse_only,WEBR8-D09,raw value retained; no cross-basis inference
UNIT_EVIDENCE_MEASUREMENT_METHANOL_CONC_PERCENT,evidence_measurement,methanol_conc_percent,percent_source_basis_unknown,percent_source_basis_unknown,none until basis is explicitly encoded,"percent to percent v/v, w/v, mol/mol, or mass fraction by assumption",forbidden_without_basis,yes,WEBSCHEMA1-2026-10-05,public_header:downloads_csv+release_zip_csv+sqlite;sqlite_type:TEXT;generator:scripts/build_static_web_mvp.py;DOCS1R_reuse=bounded,"Any future normalized value must carry source_value, conversion_rule, rule_version, and provenance.",identity_parse_only,WEBR8-D09,raw value retained; no cross-basis inference
UNIT_EVIDENCE_MEASUREMENT_REPORTED_ITEM_COUNT,evidence_measurement,reported_item_count,count,count,identity; numeric parsing without changing source value,dimension-changing or basis-guessing conversion,identity_or_parse_only,yes,WEBSCHEMA1-2026-10-05,public_header:downloads_csv+release_zip_csv+sqlite;sqlite_type:INTEGER;generator:scripts/build_static_web_mvp.py;DOCS1R_reuse=bounded,"Any future normalized value must carry source_value, conversion_rule, rule_version, and provenance.",identity_parse_only,WEBR8-D09,raw value retained; no cross-basis inference
UNIT_EVIDENCE_MEASUREMENT_REQUIRED_ITEM_COUNT,evidence_measurement,required_item_count,count,count,identity; numeric parsing without changing source value,dimension-changing or basis-guessing conversion,identity_or_parse_only,yes,WEBSCHEMA1-2026-10-05,public_header:downloads_csv+release_zip_csv+sqlite;sqlite_type:INTEGER;generator:scripts/build_static_web_mvp.py;DOCS1R_reuse=bounded,"Any future normalized value must carry source_value, conversion_rule, rule_version, and provenance.",identity_parse_only,WEBR8-D09,raw value retained; no cross-basis inference
UNIT_EVIDENCE_MEASUREMENT_RESIDUAL_ACTIVITY_PERCENT,evidence_measurement,residual_activity_percent,percent,percent,identity; numeric parsing without changing source value,dimension-changing or basis-guessing conversion,identity_or_parse_only,yes,WEBSCHEMA1-2026-10-05,public_header:downloads_csv+release_zip_csv+sqlite;sqlite_type:TEXT;generator:scripts/build_static_web_mvp.py;DOCS1R_reuse=bounded,"Any future normalized value must carry source_value, conversion_rule, rule_version, and provenance.",identity_parse_only,WEBR8-D09,raw value retained; no cross-basis inference
UNIT_EVIDENCE_MEASUREMENT_SEQUENCE_LENGTH_AA,evidence_measurement,sequence_length_aa,amino_acid_count,amino_acid_count,identity; numeric parsing without changing source value,dimension-changing or basis-guessing conversion,identity_or_parse_only,yes,WEBSCHEMA1-2026-10-05,public_header:downloads_csv+release_zip_csv+sqlite;sqlite_type:TEXT;generator:scripts/build_static_web_mvp.py;DOCS1R_reuse=bounded,"Any future normalized value must carry source_value, conversion_rule, rule_version, and provenance.",identity_parse_only,WEBR8-D09,raw value retained; no cross-basis inference
UNIT_HOMEPAGE_STATS_CANONICAL_ENZYME_COUNT,homepage_stats,canonical_enzyme_count,count,count,identity; numeric parsing without changing source value,dimension-changing or basis-guessing conversion,identity_or_parse_only,yes,WEBSCHEMA1-2026-10-05,public_header:sqlite;sqlite_type:INTEGER;generator:scripts/build_static_web_mvp.py;DOCS1R_reuse=bounded,"Any future normalized value must carry source_value, conversion_rule, rule_version, and provenance.",identity_parse_only,WEBR8-D09,raw value retained; no cross-basis inference
UNIT_HOMEPAGE_STATS_CONDITION_RESPONSE_CONSTRUCT_COUNT,homepage_stats,condition_response_construct_count,count,count,identity; numeric parsing without changing source value,dimension-changing or basis-guessing conversion,identity_or_parse_only,yes,WEBSCHEMA1-2026-10-05,public_header:sqlite;sqlite_type:INTEGER;generator:scripts/build_static_web_mvp.py;DOCS1R_reuse=bounded,"Any future normalized value must carry source_value, conversion_rule, rule_version, and provenance.",identity_parse_only,WEBR8-D09,raw value retained; no cross-basis inference
UNIT_HOMEPAGE_STATS_CONDITION_RESPONSE_COUNT,homepage_stats,condition_response_count,count,count,identity; numeric parsing without changing source value,dimension-changing or basis-guessing conversion,identity_or_parse_only,yes,WEBSCHEMA1-2026-10-05,public_header:sqlite;sqlite_type:INTEGER;generator:scripts/build_static_web_mvp.py;DOCS1R_reuse=bounded,"Any future normalized value must carry source_value, conversion_rule, rule_version, and provenance.",identity_parse_only,WEBR8-D09,raw value retained; no cross-basis inference
UNIT_HOMEPAGE_STATS_CONDITION_RESPONSE_POINT_COUNT,homepage_stats,condition_response_point_count,count,count,identity; numeric parsing without changing source value,dimension-changing or basis-guessing conversion,identity_or_parse_only,yes,WEBSCHEMA1-2026-10-05,public_header:sqlite;sqlite_type:INTEGER;generator:scripts/build_static_web_mvp.py;DOCS1R_reuse=bounded,"Any future normalized value must carry source_value, conversion_rule, rule_version, and provenance.",identity_parse_only,WEBR8-D09,raw value retained; no cross-basis inference
UNIT_HOMEPAGE_STATS_CONDITION_RESPONSE_SOURCE_COUNT,homepage_stats,condition_response_source_count,count,count,identity; numeric parsing without changing source value,dimension-changing or basis-guessing conversion,identity_or_parse_only,yes,WEBSCHEMA1-2026-10-05,public_header:sqlite;sqlite_type:INTEGER;generator:scripts/build_static_web_mvp.py;DOCS1R_reuse=bounded,"Any future normalized value must carry source_value, conversion_rule, rule_version, and provenance.",identity_parse_only,WEBR8-D09,raw value retained; no cross-basis inference
UNIT_HOMEPAGE_STATS_CROSS_SOURCE_GROUPS_OVER_30_COUNT,homepage_stats,cross_source_groups_over_30_count,count,count,identity; numeric parsing without changing source value,dimension-changing or basis-guessing conversion,identity_or_parse_only,yes,WEBSCHEMA1-2026-10-05,public_header:sqlite;sqlite_type:INTEGER;generator:scripts/build_static_web_mvp.py;DOCS1R_reuse=bounded,"Any future normalized value must carry source_value, conversion_rule, rule_version, and provenance.",identity_parse_only,WEBR8-D09,raw value retained; no cross-basis inference
UNIT_HOMEPAGE_STATS_CROSS_SOURCE_MATCHED_GROUP_COUNT,homepage_stats,cross_source_matched_group_count,count,count,identity; numeric parsing without changing source value,dimension-changing or basis-guessing conversion,identity_or_parse_only,yes,WEBSCHEMA1-2026-10-05,public_header:sqlite;sqlite_type:INTEGER;generator:scripts/build_static_web_mvp.py;DOCS1R_reuse=bounded,"Any future normalized value must carry source_value, conversion_rule, rule_version, and provenance.",identity_parse_only,WEBR8-D09,raw value retained; no cross-basis inference
UNIT_HOMEPAGE_STATS_CROSS_SOURCE_MAX_SPREAD_DISPLAY,homepage_stats,cross_source_max_spread_display,not_applicable_or_embedded_in_raw_value,not_applicable_or_embedded_in_raw_value,identity; numeric parsing without changing source value,dimension-changing or basis-guessing conversion,identity_or_parse_only,yes,WEBSCHEMA1-2026-10-05,public_header:sqlite;sqlite_type:INTEGER;generator:scripts/build_static_web_mvp.py;DOCS1R_reuse=bounded,"Any future normalized value must carry source_value, conversion_rule, rule_version, and provenance.",identity_parse_only,WEBR8-D09,raw value retained; no cross-basis inference
UNIT_HOMEPAGE_STATS_CROSS_SOURCE_MAX_SPREAD_PP,homepage_stats,cross_source_max_spread_pp,not_applicable_or_embedded_in_raw_value,not_applicable_or_embedded_in_raw_value,identity; numeric parsing without changing source value,dimension-changing or basis-guessing conversion,identity_or_parse_only,yes,WEBSCHEMA1-2026-10-05,public_header:sqlite;sqlite_type:INTEGER;generator:scripts/build_static_web_mvp.py;DOCS1R_reuse=bounded,"Any future normalized value must carry source_value, conversion_rule, rule_version, and provenance.",identity_parse_only,WEBR8-D09,raw value retained; no cross-basis inference
UNIT_HOMEPAGE_STATS_DIRECT_INTRINSIC_SOURCE_COUNT,homepage_stats,direct_intrinsic_source_count,count,count,identity; numeric parsing without changing source value,dimension-changing or basis-guessing conversion,identity_or_parse_only,yes,WEBSCHEMA1-2026-10-05,public_header:sqlite;sqlite_type:INTEGER;generator:scripts/build_static_web_mvp.py;DOCS1R_reuse=bounded,"Any future normalized value must carry source_value, conversion_rule, rule_version, and provenance.",identity_parse_only,WEBR8-D09,raw value retained; no cross-basis inference
UNIT_HOMEPAGE_STATS_EVIDENCE_ROW_COUNT,homepage_stats,evidence_row_count,count,count,identity; numeric parsing without changing source value,dimension-changing or basis-guessing conversion,identity_or_parse_only,yes,WEBSCHEMA1-2026-10-05,public_header:sqlite;sqlite_type:INTEGER;generator:scripts/build_static_web_mvp.py;DOCS1R_reuse=bounded,"Any future normalized value must carry source_value, conversion_rule, rule_version, and provenance.",identity_parse_only,WEBR8-D09,raw value retained; no cross-basis inference
UNIT_HOMEPAGE_STATS_F9_TIER_COUNTS,homepage_stats,f9_tier_counts,count,count,identity; numeric parsing without changing source value,dimension-changing or basis-guessing conversion,identity_or_parse_only,yes,WEBSCHEMA1-2026-10-05,public_header:sqlite;sqlite_type:TEXT;generator:scripts/build_static_web_mvp.py;DOCS1R_reuse=bounded,"Any future normalized value must carry source_value, conversion_rule, rule_version, and provenance.",identity_parse_only,WEBR8-D09,raw value retained; no cross-basis inference
UNIT_HOMEPAGE_STATS_F9_TIER_EVIDENCE_ABSENT_COUNT,homepage_stats,f9_tier_evidence_absent_count,count,count,identity; numeric parsing without changing source value,dimension-changing or basis-guessing conversion,identity_or_parse_only,yes,WEBSCHEMA1-2026-10-05,public_header:sqlite;sqlite_type:INTEGER;generator:scripts/build_static_web_mvp.py;DOCS1R_reuse=bounded,"Any future normalized value must carry source_value, conversion_rule, rule_version, and provenance.",identity_parse_only,WEBR8-D09,raw value retained; no cross-basis inference
UNIT_HOMEPAGE_STATS_F9_TIER_EVIDENCE_MODERATE_COUNT,homepage_stats,f9_tier_evidence_moderate_count,count,count,identity; numeric parsing without changing source value,dimension-changing or basis-guessing conversion,identity_or_parse_only,yes,WEBSCHEMA1-2026-10-05,public_header:sqlite;sqlite_type:INTEGER;generator:scripts/build_static_web_mvp.py;DOCS1R_reuse=bounded,"Any future normalized value must carry source_value, conversion_rule, rule_version, and provenance.",identity_parse_only,WEBR8-D09,raw value retained; no cross-basis inference
UNIT_HOMEPAGE_STATS_F9_TIER_EVIDENCE_RICH_COUNT,homepage_stats,f9_tier_evidence_rich_count,count,count,identity; numeric parsing without changing source value,dimension-changing or basis-guessing conversion,identity_or_parse_only,yes,WEBSCHEMA1-2026-10-05,public_header:sqlite;sqlite_type:INTEGER;generator:scripts/build_static_web_mvp.py;DOCS1R_reuse=bounded,"Any future normalized value must carry source_value, conversion_rule, rule_version, and provenance.",identity_parse_only,WEBR8-D09,raw value retained; no cross-basis inference
UNIT_HOMEPAGE_STATS_F9_TIER_EVIDENCE_SPARSE_COUNT,homepage_stats,f9_tier_evidence_sparse_count,count,count,identity; numeric parsing without changing source value,dimension-changing or basis-guessing conversion,identity_or_parse_only,yes,WEBSCHEMA1-2026-10-05,public_header:sqlite;sqlite_type:INTEGER;generator:scripts/build_static_web_mvp.py;DOCS1R_reuse=bounded,"Any future normalized value must carry source_value, conversion_rule, rule_version, and provenance.",identity_parse_only,WEBR8-D09,raw value retained; no cross-basis inference
UNIT_HOMEPAGE_STATS_LINKED_WITHOUT_RELIABLE_OBSERVATION_COUNT,homepage_stats,linked_without_reliable_observation_count,count,count,identity; numeric parsing without changing source value,dimension-changing or basis-guessing conversion,identity_or_parse_only,yes,WEBSCHEMA1-2026-10-05,public_header:sqlite;sqlite_type:INTEGER;generator:scripts/build_static_web_mvp.py;DOCS1R_reuse=bounded,"Any future normalized value must carry source_value, conversion_rule, rule_version, and provenance.",identity_parse_only,WEBR8-D09,raw value retained; no cross-basis inference
UNIT_HOMEPAGE_STATS_LITERATURE_SOURCE_COUNT,homepage_stats,literature_source_count,count,count,identity; numeric parsing without changing source value,dimension-changing or basis-guessing conversion,identity_or_parse_only,yes,WEBSCHEMA1-2026-10-05,public_header:sqlite;sqlite_type:INTEGER;generator:scripts/build_static_web_mvp.py;DOCS1R_reuse=bounded,"Any future normalized value must carry source_value, conversion_rule, rule_version, and provenance.",identity_parse_only,WEBR8-D09,raw value retained; no cross-basis inference
UNIT_HOMEPAGE_STATS_NO_PUBLIC_GOVERNANCE_RECORD_COUNT,homepage_stats,no_public_governance_record_count,count,count,identity; numeric parsing without changing source value,dimension-changing or basis-guessing conversion,identity_or_parse_only,yes,WEBSCHEMA1-2026-10-05,public_header:sqlite;sqlite_type:INTEGER;generator:scripts/build_static_web_mvp.py;DOCS1R_reuse=bounded,"Any future normalized value must carry source_value, conversion_rule, rule_version, and provenance.",identity_parse_only,WEBR8-D09,raw value retained; no cross-basis inference
UNIT_HOMEPAGE_STATS_PATENT_FAMILY_COUNT,homepage_stats,patent_family_count,count,count,identity; numeric parsing without changing source value,dimension-changing or basis-guessing conversion,identity_or_parse_only,yes,WEBSCHEMA1-2026-10-05,public_header:sqlite;sqlite_type:INTEGER;generator:scripts/build_static_web_mvp.py;DOCS1R_reuse=bounded,"Any future normalized value must carry source_value, conversion_rule, rule_version, and provenance.",identity_parse_only,WEBR8-D09,raw value retained; no cross-basis inference
UNIT_HOMEPAGE_STATS_PROTOCOL_UNIT_COUNT,homepage_stats,protocol_unit_count,count,count,identity; numeric parsing without changing source value,dimension-changing or basis-guessing conversion,identity_or_parse_only,yes,WEBSCHEMA1-2026-10-05,public_header:sqlite;sqlite_type:INTEGER;generator:scripts/build_static_web_mvp.py;DOCS1R_reuse=bounded,"Any future normalized value must carry source_value, conversion_rule, rule_version, and provenance.",identity_parse_only,WEBR8-D09,raw value retained; no cross-basis inference
UNIT_HOMEPAGE_STATS_REGISTRY_LITERATURE_BREADTH,homepage_stats,registry_literature_breadth,not_applicable_or_embedded_in_raw_value,not_applicable_or_embedded_in_raw_value,identity; numeric parsing without changing source value,dimension-changing or basis-guessing conversion,identity_or_parse_only,yes,WEBSCHEMA1-2026-10-05,public_header:sqlite;sqlite_type:INTEGER;generator:scripts/build_static_web_mvp.py;DOCS1R_reuse=bounded,"Any future normalized value must carry source_value, conversion_rule, rule_version, and provenance.",identity_parse_only,WEBR8-D09,raw value retained; no cross-basis inference
UNIT_HOMEPAGE_STATS_RELIABLE_PUBLIC_OBSERVATION_COUNT,homepage_stats,reliable_public_observation_count,count,count,identity; numeric parsing without changing source value,dimension-changing or basis-guessing conversion,identity_or_parse_only,yes,WEBSCHEMA1-2026-10-05,public_header:sqlite;sqlite_type:INTEGER;generator:scripts/build_static_web_mvp.py;DOCS1R_reuse=bounded,"Any future normalized value must carry source_value, conversion_rule, rule_version, and provenance.",identity_parse_only,WEBR8-D09,raw value retained; no cross-basis inference
UNIT_HOMEPAGE_STATS_REPRESENTATIVE_PAGE_COUNT,homepage_stats,representative_page_count,count,count,identity; numeric parsing without changing source value,dimension-changing or basis-guessing conversion,identity_or_parse_only,yes,WEBSCHEMA1-2026-10-05,public_header:sqlite;sqlite_type:INTEGER;generator:scripts/build_static_web_mvp.py;DOCS1R_reuse=bounded,"Any future normalized value must carry source_value, conversion_rule, rule_version, and provenance.",identity_parse_only,WEBR8-D09,raw value retained; no cross-basis inference
UNIT_HOMEPAGE_STATS_SOURCE_REFERENCE_COUNT,homepage_stats,source_reference_count,count,count,identity; numeric parsing without changing source value,dimension-changing or basis-guessing conversion,identity_or_parse_only,yes,WEBSCHEMA1-2026-10-05,public_header:sqlite;sqlite_type:INTEGER;generator:scripts/build_static_web_mvp.py;DOCS1R_reuse=bounded,"Any future normalized value must carry source_value, conversion_rule, rule_version, and provenance.",identity_parse_only,WEBR8-D09,raw value retained; no cross-basis inference
UNIT_HOMEPAGE_STATS_STRUCTURE_READY_COUNT,homepage_stats,structure_ready_count,count,count,identity; numeric parsing without changing source value,dimension-changing or basis-guessing conversion,identity_or_parse_only,yes,WEBSCHEMA1-2026-10-05,public_header:sqlite;sqlite_type:INTEGER;generator:scripts/build_static_web_mvp.py;DOCS1R_reuse=bounded,"Any future normalized value must carry source_value, conversion_rule, rule_version, and provenance.",identity_parse_only,WEBR8-D09,raw value retained; no cross-basis inference
UNIT_HOMEPAGE_STATS_VARIANT_COUNT,homepage_stats,variant_count,count,count,identity; numeric parsing without changing source value,dimension-changing or basis-guessing conversion,identity_or_parse_only,yes,WEBSCHEMA1-2026-10-05,public_header:sqlite;sqlite_type:INTEGER;generator:scripts/build_static_web_mvp.py;DOCS1R_reuse=bounded,"Any future normalized value must carry source_value, conversion_rule, rule_version, and provenance.",identity_parse_only,WEBR8-D09,raw value retained; no cross-basis inference
UNIT_MEASUREMENT_EVIDENCE_A0_CV_PERCENT,measurement_evidence,A0_cv_percent,percent,percent,identity; numeric parsing without changing source value,dimension-changing or basis-guessing conversion,identity_or_parse_only,yes,WEBSCHEMA1-2026-10-05,public_header:sqlite;sqlite_type:TEXT;generator:scripts/build_static_web_mvp.py;DOCS1R_reuse=bounded,"Any future normalized value must carry source_value, conversion_rule, rule_version, and provenance.",identity_parse_only,WEBR8-D09,raw value retained; no cross-basis inference
UNIT_MEASUREMENT_EVIDENCE_A0_REPLICATE_N,measurement_evidence,A0_replicate_n,not_applicable_or_embedded_in_raw_value,not_applicable_or_embedded_in_raw_value,identity; numeric parsing without changing source value,dimension-changing or basis-guessing conversion,identity_or_parse_only,yes,WEBSCHEMA1-2026-10-05,public_header:sqlite;sqlite_type:INTEGER;generator:scripts/build_static_web_mvp.py;DOCS1R_reuse=bounded,"Any future normalized value must carry source_value, conversion_rule, rule_version, and provenance.",identity_parse_only,WEBR8-D09,raw value retained; no cross-basis inference
UNIT_MEASUREMENT_EVIDENCE_ASSAY_REACTION_TIME_MIN,measurement_evidence,assay_reaction_time_min,minute,minute,identity; numeric parsing without changing source value,dimension-changing or basis-guessing conversion,identity_or_parse_only,yes,WEBSCHEMA1-2026-10-05,public_header:sqlite;sqlite_type:TEXT;generator:scripts/build_static_web_mvp.py;DOCS1R_reuse=bounded,"Any future normalized value must carry source_value, conversion_rule, rule_version, and provenance.",identity_parse_only,WEBR8-D09,raw value retained; no cross-basis inference
UNIT_MEASUREMENT_EVIDENCE_ASSAY_TOTAL_VOLUME_ML,measurement_evidence,assay_total_volume_mL,millilitre,millilitre,identity; numeric parsing without changing source value,dimension-changing or basis-guessing conversion,identity_or_parse_only,yes,WEBSCHEMA1-2026-10-05,public_header:sqlite;sqlite_type:REAL;generator:scripts/build_static_web_mvp.py;DOCS1R_reuse=bounded,"Any future normalized value must carry source_value, conversion_rule, rule_version, and provenance.",identity_parse_only,WEBR8-D09,raw value retained; no cross-basis inference
UNIT_MEASUREMENT_EVIDENCE_COMPLETENESS_FRACTION,measurement_evidence,completeness_fraction,fraction_0_to_1,fraction_0_to_1,identity; numeric parsing without changing source value,dimension-changing or basis-guessing conversion,identity_or_parse_only,yes,WEBSCHEMA1-2026-10-05,public_header:sqlite;sqlite_type:REAL;generator:scripts/build_static_web_mvp.py;DOCS1R_reuse=bounded,"Any future normalized value must carry source_value, conversion_rule, rule_version, and provenance.",identity_parse_only,WEBR8-D09,raw value retained; no cross-basis inference
UNIT_MEASUREMENT_EVIDENCE_ENZYME_CONC,measurement_evidence,enzyme_conc,source_reported_unit_string,source_reported_unit_string,none; retain source-reported numeric+unit string,"forced conversion to mg/ml without molecular mass, purity, and explicit source unit",preserve_raw,yes,WEBSCHEMA1-2026-10-05,public_header:sqlite;sqlite_type:TEXT;generator:scripts/build_static_web_mvp.py;DOCS1R_reuse=bounded,"Any future normalized value must carry source_value, conversion_rule, rule_version, and provenance.",identity_parse_only,WEBR8-D09,raw value retained; no cross-basis inference
UNIT_MEASUREMENT_EVIDENCE_ENZYME_PURITY_PERCENT,measurement_evidence,enzyme_purity_percent,percent,percent,identity; numeric parsing without changing source value,dimension-changing or basis-guessing conversion,identity_or_parse_only,yes,WEBSCHEMA1-2026-10-05,public_header:sqlite;sqlite_type:TEXT;generator:scripts/build_static_web_mvp.py;DOCS1R_reuse=bounded,"Any future normalized value must carry source_value, conversion_rule, rule_version, and provenance.",identity_parse_only,WEBR8-D09,raw value retained; no cross-basis inference
UNIT_MEASUREMENT_EVIDENCE_INCUBATION_TEMP_C,measurement_evidence,incubation_temp_C,degree_Celsius,degree_Celsius,identity; numeric parsing without changing source value,dimension-changing or basis-guessing conversion,identity_or_parse_only,yes,WEBSCHEMA1-2026-10-05,public_header:sqlite;sqlite_type:TEXT;generator:scripts/build_static_web_mvp.py;DOCS1R_reuse=bounded,"Any future normalized value must carry source_value, conversion_rule, rule_version, and provenance.",identity_parse_only,WEBR8-D09,raw value retained; no cross-basis inference
UNIT_MEASUREMENT_EVIDENCE_INCUBATION_TIME_H,measurement_evidence,incubation_time_h,hour,hour,identity; numeric parsing without changing source value,dimension-changing or basis-guessing conversion,identity_or_parse_only,yes,WEBSCHEMA1-2026-10-05,public_header:sqlite;sqlite_type:REAL;generator:scripts/build_static_web_mvp.py;DOCS1R_reuse=bounded,"Any future normalized value must carry source_value, conversion_rule, rule_version, and provenance.",identity_parse_only,WEBR8-D09,raw value retained; no cross-basis inference
UNIT_MEASUREMENT_EVIDENCE_IONIC_STRENGTH_MM,measurement_evidence,ionic_strength_mM,millimolar,millimolar,identity; numeric parsing without changing source value,dimension-changing or basis-guessing conversion,identity_or_parse_only,yes,WEBSCHEMA1-2026-10-05,public_header:sqlite;sqlite_type:TEXT;generator:scripts/build_static_web_mvp.py;DOCS1R_reuse=bounded,"Any future normalized value must carry source_value, conversion_rule, rule_version, and provenance.",identity_parse_only,WEBR8-D09,raw value retained; no cross-basis inference
UNIT_MEASUREMENT_EVIDENCE_MATRIX_EXPECTED_ROWS,measurement_evidence,matrix_expected_rows,not_applicable_or_embedded_in_raw_value,not_applicable_or_embedded_in_raw_value,identity; numeric parsing without changing source value,dimension-changing or basis-guessing conversion,identity_or_parse_only,yes,WEBSCHEMA1-2026-10-05,public_header:sqlite;sqlite_type:INTEGER;generator:scripts/build_static_web_mvp.py;DOCS1R_reuse=bounded,"Any future normalized value must carry source_value, conversion_rule, rule_version, and provenance.",identity_parse_only,WEBR8-D09,raw value retained; no cross-basis inference
UNIT_MEASUREMENT_EVIDENCE_MATRIX_OBSERVED_ROWS,measurement_evidence,matrix_observed_rows,not_applicable_or_embedded_in_raw_value,not_applicable_or_embedded_in_raw_value,identity; numeric parsing without changing source value,dimension-changing or basis-guessing conversion,identity_or_parse_only,yes,WEBSCHEMA1-2026-10-05,public_header:sqlite;sqlite_type:INTEGER;generator:scripts/build_static_web_mvp.py;DOCS1R_reuse=bounded,"Any future normalized value must carry source_value, conversion_rule, rule_version, and provenance.",identity_parse_only,WEBR8-D09,raw value retained; no cross-basis inference
UNIT_MEASUREMENT_EVIDENCE_METHANOL_CONC_PERCENT,measurement_evidence,methanol_conc_percent,percent_source_basis_unknown,percent_source_basis_unknown,none until basis is explicitly encoded,"percent to percent v/v, w/v, mol/mol, or mass fraction by assumption",forbidden_without_basis,yes,WEBSCHEMA1-2026-10-05,public_header:sqlite;sqlite_type:TEXT;generator:scripts/build_static_web_mvp.py;DOCS1R_reuse=bounded,"Any future normalized value must carry source_value, conversion_rule, rule_version, and provenance.",identity_parse_only,WEBR8-D09,raw value retained; no cross-basis inference
UNIT_MEASUREMENT_EVIDENCE_REPORTED_ITEM_COUNT,measurement_evidence,reported_item_count,count,count,identity; numeric parsing without changing source value,dimension-changing or basis-guessing conversion,identity_or_parse_only,yes,WEBSCHEMA1-2026-10-05,public_header:sqlite;sqlite_type:INTEGER;generator:scripts/build_static_web_mvp.py;DOCS1R_reuse=bounded,"Any future normalized value must carry source_value, conversion_rule, rule_version, and provenance.",identity_parse_only,WEBR8-D09,raw value retained; no cross-basis inference
UNIT_MEASUREMENT_EVIDENCE_REQUIRED_ITEM_COUNT,measurement_evidence,required_item_count,count,count,identity; numeric parsing without changing source value,dimension-changing or basis-guessing conversion,identity_or_parse_only,yes,WEBSCHEMA1-2026-10-05,public_header:sqlite;sqlite_type:INTEGER;generator:scripts/build_static_web_mvp.py;DOCS1R_reuse=bounded,"Any future normalized value must carry source_value, conversion_rule, rule_version, and provenance.",identity_parse_only,WEBR8-D09,raw value retained; no cross-basis inference
UNIT_MEASUREMENT_EVIDENCE_RESIDUAL_ACTIVITY_PERCENT,measurement_evidence,residual_activity_percent,percent,percent,identity; numeric parsing without changing source value,dimension-changing or basis-guessing conversion,identity_or_parse_only,yes,WEBSCHEMA1-2026-10-05,public_header:sqlite;sqlite_type:TEXT;generator:scripts/build_static_web_mvp.py;DOCS1R_reuse=bounded,"Any future normalized value must carry source_value, conversion_rule, rule_version, and provenance.",identity_parse_only,WEBR8-D09,raw value retained; no cross-basis inference
UNIT_MEASUREMENT_EVIDENCE_SEQUENCE_LENGTH_AA,measurement_evidence,sequence_length_aa,amino_acid_count,amino_acid_count,identity; numeric parsing without changing source value,dimension-changing or basis-guessing conversion,identity_or_parse_only,yes,WEBSCHEMA1-2026-10-05,public_header:sqlite;sqlite_type:TEXT;generator:scripts/build_static_web_mvp.py;DOCS1R_reuse=bounded,"Any future normalized value must carry source_value, conversion_rule, rule_version, and provenance.",identity_parse_only,WEBR8-D09,raw value retained; no cross-basis inference
UNIT_PATENT_EVIDENCE_A0_CV_PERCENT,patent_evidence,A0_cv_percent,percent,percent,identity; numeric parsing without changing source value,dimension-changing or basis-guessing conversion,identity_or_parse_only,yes,WEBSCHEMA1-2026-10-05,public_header:sqlite;sqlite_type:TEXT;generator:scripts/build_static_web_mvp.py;DOCS1R_reuse=bounded,"Any future normalized value must carry source_value, conversion_rule, rule_version, and provenance.",identity_parse_only,WEBR8-D09,raw value retained; no cross-basis inference
UNIT_PATENT_EVIDENCE_A0_REPLICATE_N,patent_evidence,A0_replicate_n,not_applicable_or_embedded_in_raw_value,not_applicable_or_embedded_in_raw_value,identity; numeric parsing without changing source value,dimension-changing or basis-guessing conversion,identity_or_parse_only,yes,WEBSCHEMA1-2026-10-05,public_header:sqlite;sqlite_type:INTEGER;generator:scripts/build_static_web_mvp.py;DOCS1R_reuse=bounded,"Any future normalized value must carry source_value, conversion_rule, rule_version, and provenance.",identity_parse_only,WEBR8-D09,raw value retained; no cross-basis inference
UNIT_PATENT_EVIDENCE_ASSAY_PH,patent_evidence,assay_pH,not_applicable_or_embedded_in_raw_value,not_applicable_or_embedded_in_raw_value,identity; numeric parsing without changing source value,dimension-changing or basis-guessing conversion,identity_or_parse_only,yes,WEBSCHEMA1-2026-10-05,public_header:sqlite;sqlite_type:REAL;generator:scripts/build_static_web_mvp.py;DOCS1R_reuse=bounded,"Any future normalized value must carry source_value, conversion_rule, rule_version, and provenance.",identity_parse_only,WEBR8-D09,raw value retained; no cross-basis inference
UNIT_PATENT_EVIDENCE_ASSAY_REACTION_TIME_MIN,patent_evidence,assay_reaction_time_min,minute,minute,identity; numeric parsing without changing source value,dimension-changing or basis-guessing conversion,identity_or_parse_only,yes,WEBSCHEMA1-2026-10-05,public_header:sqlite;sqlite_type:INTEGER;generator:scripts/build_static_web_mvp.py;DOCS1R_reuse=bounded,"Any future normalized value must carry source_value, conversion_rule, rule_version, and provenance.",identity_parse_only,WEBR8-D09,raw value retained; no cross-basis inference
UNIT_PATENT_EVIDENCE_ASSAY_TOTAL_VOLUME_ML,patent_evidence,assay_total_volume_mL,millilitre,millilitre,identity; numeric parsing without changing source value,dimension-changing or basis-guessing conversion,identity_or_parse_only,yes,WEBSCHEMA1-2026-10-05,public_header:sqlite;sqlite_type:REAL;generator:scripts/build_static_web_mvp.py;DOCS1R_reuse=bounded,"Any future normalized value must carry source_value, conversion_rule, rule_version, and provenance.",identity_parse_only,WEBR8-D09,raw value retained; no cross-basis inference
UNIT_PATENT_EVIDENCE_BASELINE_ACTIVITY_A0,patent_evidence,baseline_activity_A0,not_applicable_or_embedded_in_raw_value,not_applicable_or_embedded_in_raw_value,identity; numeric parsing without changing source value,dimension-changing or basis-guessing conversion,identity_or_parse_only,yes,WEBSCHEMA1-2026-10-05,public_header:sqlite;sqlite_type:INTEGER;generator:scripts/build_static_web_mvp.py;DOCS1R_reuse=bounded,"Any future normalized value must carry source_value, conversion_rule, rule_version, and provenance.",identity_parse_only,WEBR8-D09,raw value retained; no cross-basis inference
UNIT_PATENT_EVIDENCE_ENZYME_CONC,patent_evidence,enzyme_conc,source_reported_unit_string,source_reported_unit_string,none; retain source-reported numeric+unit string,"forced conversion to mg/ml without molecular mass, purity, and explicit source unit",preserve_raw,yes,WEBSCHEMA1-2026-10-05,public_header:sqlite;sqlite_type:TEXT;generator:scripts/build_static_web_mvp.py;DOCS1R_reuse=bounded,"Any future normalized value must carry source_value, conversion_rule, rule_version, and provenance.",identity_parse_only,WEBR8-D09,raw value retained; no cross-basis inference
UNIT_PATENT_EVIDENCE_ENZYME_PURITY_PERCENT,patent_evidence,enzyme_purity_percent,percent,percent,identity; numeric parsing without changing source value,dimension-changing or basis-guessing conversion,identity_or_parse_only,yes,WEBSCHEMA1-2026-10-05,public_header:sqlite;sqlite_type:TEXT;generator:scripts/build_static_web_mvp.py;DOCS1R_reuse=bounded,"Any future normalized value must carry source_value, conversion_rule, rule_version, and provenance.",identity_parse_only,WEBR8-D09,raw value retained; no cross-basis inference
UNIT_PATENT_EVIDENCE_INCUBATION_TEMP_C,patent_evidence,incubation_temp_C,degree_Celsius,degree_Celsius,identity; numeric parsing without changing source value,dimension-changing or basis-guessing conversion,identity_or_parse_only,yes,WEBSCHEMA1-2026-10-05,public_header:sqlite;sqlite_type:TEXT;generator:scripts/build_static_web_mvp.py;DOCS1R_reuse=bounded,"Any future normalized value must carry source_value, conversion_rule, rule_version, and provenance.",identity_parse_only,WEBR8-D09,raw value retained; no cross-basis inference
UNIT_PATENT_EVIDENCE_INCUBATION_TIME_H,patent_evidence,incubation_time_h,hour,hour,identity; numeric parsing without changing source value,dimension-changing or basis-guessing conversion,identity_or_parse_only,yes,WEBSCHEMA1-2026-10-05,public_header:sqlite;sqlite_type:REAL;generator:scripts/build_static_web_mvp.py;DOCS1R_reuse=bounded,"Any future normalized value must carry source_value, conversion_rule, rule_version, and provenance.",identity_parse_only,WEBR8-D09,raw value retained; no cross-basis inference
UNIT_PATENT_EVIDENCE_IONIC_STRENGTH_MM,patent_evidence,ionic_strength_mM,millimolar,millimolar,identity; numeric parsing without changing source value,dimension-changing or basis-guessing conversion,identity_or_parse_only,yes,WEBSCHEMA1-2026-10-05,public_header:sqlite;sqlite_type:INTEGER;generator:scripts/build_static_web_mvp.py;DOCS1R_reuse=bounded,"Any future normalized value must carry source_value, conversion_rule, rule_version, and provenance.",identity_parse_only,WEBR8-D09,raw value retained; no cross-basis inference
UNIT_PATENT_EVIDENCE_MATRIX_EXPECTED_ROWS,patent_evidence,matrix_expected_rows,not_applicable_or_embedded_in_raw_value,not_applicable_or_embedded_in_raw_value,identity; numeric parsing without changing source value,dimension-changing or basis-guessing conversion,identity_or_parse_only,yes,WEBSCHEMA1-2026-10-05,public_header:sqlite;sqlite_type:INTEGER;generator:scripts/build_static_web_mvp.py;DOCS1R_reuse=bounded,"Any future normalized value must carry source_value, conversion_rule, rule_version, and provenance.",identity_parse_only,WEBR8-D09,raw value retained; no cross-basis inference
UNIT_PATENT_EVIDENCE_MATRIX_OBSERVED_ROWS,patent_evidence,matrix_observed_rows,not_applicable_or_embedded_in_raw_value,not_applicable_or_embedded_in_raw_value,identity; numeric parsing without changing source value,dimension-changing or basis-guessing conversion,identity_or_parse_only,yes,WEBSCHEMA1-2026-10-05,public_header:sqlite;sqlite_type:INTEGER;generator:scripts/build_static_web_mvp.py;DOCS1R_reuse=bounded,"Any future normalized value must carry source_value, conversion_rule, rule_version, and provenance.",identity_parse_only,WEBR8-D09,raw value retained; no cross-basis inference
UNIT_PATENT_EVIDENCE_METHANOL_CONC_PERCENT,patent_evidence,methanol_conc_percent,percent_source_basis_unknown,percent_source_basis_unknown,none until basis is explicitly encoded,"percent to percent v/v, w/v, mol/mol, or mass fraction by assumption",forbidden_without_basis,yes,WEBSCHEMA1-2026-10-05,public_header:sqlite;sqlite_type:TEXT;generator:scripts/build_static_web_mvp.py;DOCS1R_reuse=bounded,"Any future normalized value must carry source_value, conversion_rule, rule_version, and provenance.",identity_parse_only,WEBR8-D09,raw value retained; no cross-basis inference
UNIT_PATENT_EVIDENCE_RESIDUAL_ACTIVITY_PERCENT,patent_evidence,residual_activity_percent,percent,percent,identity; numeric parsing without changing source value,dimension-changing or basis-guessing conversion,identity_or_parse_only,yes,WEBSCHEMA1-2026-10-05,public_header:sqlite;sqlite_type:TEXT;generator:scripts/build_static_web_mvp.py;DOCS1R_reuse=bounded,"Any future normalized value must carry source_value, conversion_rule, rule_version, and provenance.",identity_parse_only,WEBR8-D09,raw value retained; no cross-basis inference
UNIT_PATENT_EVIDENCE_SEQUENCE_LENGTH_AA,patent_evidence,sequence_length_aa,amino_acid_count,amino_acid_count,identity; numeric parsing without changing source value,dimension-changing or basis-guessing conversion,identity_or_parse_only,yes,WEBSCHEMA1-2026-10-05,public_header:sqlite;sqlite_type:TEXT;generator:scripts/build_static_web_mvp.py;DOCS1R_reuse=bounded,"Any future normalized value must carry source_value, conversion_rule, rule_version, and provenance.",identity_parse_only,WEBR8-D09,raw value retained; no cross-basis inference
UNIT_PATENT_EVIDENCE_SHAKING_RPM,patent_evidence,shaking_rpm,not_applicable_or_embedded_in_raw_value,not_applicable_or_embedded_in_raw_value,identity; numeric parsing without changing source value,dimension-changing or basis-guessing conversion,identity_or_parse_only,yes,WEBSCHEMA1-2026-10-05,public_header:sqlite;sqlite_type:INTEGER;generator:scripts/build_static_web_mvp.py;DOCS1R_reuse=bounded,"Any future normalized value must carry source_value, conversion_rule, rule_version, and provenance.",identity_parse_only,WEBR8-D09,raw value retained; no cross-basis inference
UNIT_PATENT_EVIDENCE_SUBSTRATE_CONC_VALUE,patent_evidence,substrate_conc_value,not_applicable_or_embedded_in_raw_value,not_applicable_or_embedded_in_raw_value,identity; numeric parsing without changing source value,dimension-changing or basis-guessing conversion,identity_or_parse_only,yes,WEBSCHEMA1-2026-10-05,public_header:sqlite;sqlite_type:REAL;generator:scripts/build_static_web_mvp.py;DOCS1R_reuse=bounded,"Any future normalized value must carry source_value, conversion_rule, rule_version, and provenance.",identity_parse_only,WEBR8-D09,raw value retained; no cross-basis inference
UNIT_PATENT_EVIDENCE_UNIT_CONVERSION_FACTOR,patent_evidence,unit_conversion_factor,not_applicable_or_embedded_in_raw_value,not_applicable_or_embedded_in_raw_value,identity; numeric parsing without changing source value,dimension-changing or basis-guessing conversion,identity_or_parse_only,yes,WEBSCHEMA1-2026-10-05,public_header:sqlite;sqlite_type:INTEGER;generator:scripts/build_static_web_mvp.py;DOCS1R_reuse=bounded,"Any future normalized value must carry source_value, conversion_rule, rule_version, and provenance.",identity_parse_only,WEBR8-D09,raw value retained; no cross-basis inference
UNIT_PUBLIC_MTS_GOVERNANCE_LTS_REF,public_mts_governance,LTS_ref,not_applicable_or_embedded_in_raw_value,not_applicable_or_embedded_in_raw_value,identity; numeric parsing without changing source value,dimension-changing or basis-guessing conversion,identity_or_parse_only,yes,WEBSCHEMA1-2026-10-05,public_header:sqlite;sqlite_type:REAL;generator:scripts/build_static_web_mvp.py;DOCS1R_reuse=bounded,"Any future normalized value must carry source_value, conversion_rule, rule_version, and provenance.",identity_parse_only,WEBR8-D09,raw value retained; no cross-basis inference
UNIT_PUBLIC_MTS_GOVERNANCE_LTS_REF_CI_HIGH,public_mts_governance,LTS_ref_ci_high,not_applicable_or_embedded_in_raw_value,not_applicable_or_embedded_in_raw_value,identity; numeric parsing without changing source value,dimension-changing or basis-guessing conversion,identity_or_parse_only,yes,WEBSCHEMA1-2026-10-05,public_header:sqlite;sqlite_type:REAL;generator:scripts/build_static_web_mvp.py;DOCS1R_reuse=bounded,"Any future normalized value must carry source_value, conversion_rule, rule_version, and provenance.",identity_parse_only,WEBR8-D09,raw value retained; no cross-basis inference
UNIT_PUBLIC_MTS_GOVERNANCE_LTS_REF_CI_LOW,public_mts_governance,LTS_ref_ci_low,not_applicable_or_embedded_in_raw_value,not_applicable_or_embedded_in_raw_value,identity; numeric parsing without changing source value,dimension-changing or basis-guessing conversion,identity_or_parse_only,yes,WEBSCHEMA1-2026-10-05,public_header:sqlite;sqlite_type:REAL;generator:scripts/build_static_web_mvp.py;DOCS1R_reuse=bounded,"Any future normalized value must carry source_value, conversion_rule, rule_version, and provenance.",identity_parse_only,WEBR8-D09,raw value retained; no cross-basis inference
UNIT_PUBLIC_MTS_GOVERNANCE_N_RELIABLE_OBS,public_mts_governance,n_reliable_obs,not_applicable_or_embedded_in_raw_value,not_applicable_or_embedded_in_raw_value,identity; numeric parsing without changing source value,dimension-changing or basis-guessing conversion,identity_or_parse_only,yes,WEBSCHEMA1-2026-10-05,public_header:sqlite;sqlite_type:INTEGER;generator:scripts/build_static_web_mvp.py;DOCS1R_reuse=bounded,"Any future normalized value must carry source_value, conversion_rule, rule_version, and provenance.",identity_parse_only,WEBR8-D09,raw value retained; no cross-basis inference
UNIT_PUBLIC_MTS_GOVERNANCE_PUBLIC_LTS_REF,public_mts_governance,public_LTS_ref,not_applicable_or_embedded_in_raw_value,not_applicable_or_embedded_in_raw_value,identity; numeric parsing without changing source value,dimension-changing or basis-guessing conversion,identity_or_parse_only,yes,WEBSCHEMA1-2026-10-05,public_header:sqlite;sqlite_type:REAL;generator:scripts/build_static_web_mvp.py;DOCS1R_reuse=bounded,"Any future normalized value must carry source_value, conversion_rule, rule_version, and provenance.",identity_parse_only,WEBR8-D09,raw value retained; no cross-basis inference
UNIT_PUBLIC_MTS_GOVERNANCE_PUBLIC_CI_HIGH,public_mts_governance,public_ci_high,not_applicable_or_embedded_in_raw_value,not_applicable_or_embedded_in_raw_value,identity; numeric parsing without changing source value,dimension-changing or basis-guessing conversion,identity_or_parse_only,yes,WEBSCHEMA1-2026-10-05,public_header:sqlite;sqlite_type:REAL;generator:scripts/build_static_web_mvp.py;DOCS1R_reuse=bounded,"Any future normalized value must carry source_value, conversion_rule, rule_version, and provenance.",identity_parse_only,WEBR8-D09,raw value retained; no cross-basis inference
UNIT_PUBLIC_MTS_GOVERNANCE_PUBLIC_CI_LOW,public_mts_governance,public_ci_low,not_applicable_or_embedded_in_raw_value,not_applicable_or_embedded_in_raw_value,identity; numeric parsing without changing source value,dimension-changing or basis-guessing conversion,identity_or_parse_only,yes,WEBSCHEMA1-2026-10-05,public_header:sqlite;sqlite_type:REAL;generator:scripts/build_static_web_mvp.py;DOCS1R_reuse=bounded,"Any future normalized value must carry source_value, conversion_rule, rule_version, and provenance.",identity_parse_only,WEBR8-D09,raw value retained; no cross-basis inference
UNIT_REPORTING_COMPLETENESS_COMPLETENESS_FRACTION,reporting_completeness,completeness_fraction,fraction_0_to_1,fraction_0_to_1,identity; numeric parsing without changing source value,dimension-changing or basis-guessing conversion,identity_or_parse_only,yes,WEBSCHEMA1-2026-10-05,public_header:downloads_csv+release_zip_csv+sqlite;sqlite_type:REAL;generator:scripts/build_static_web_mvp.py;DOCS1R_reuse=bounded,"Any future normalized value must carry source_value, conversion_rule, rule_version, and provenance.",identity_parse_only,WEBR8-D09,raw value retained; no cross-basis inference
UNIT_REPORTING_COMPLETENESS_REPORTED_ITEM_COUNT,reporting_completeness,reported_item_count,count,count,identity; numeric parsing without changing source value,dimension-changing or basis-guessing conversion,identity_or_parse_only,yes,WEBSCHEMA1-2026-10-05,public_header:downloads_csv+release_zip_csv+sqlite;sqlite_type:INTEGER;generator:scripts/build_static_web_mvp.py;DOCS1R_reuse=bounded,"Any future normalized value must carry source_value, conversion_rule, rule_version, and provenance.",identity_parse_only,WEBR8-D09,raw value retained; no cross-basis inference
UNIT_REPORTING_COMPLETENESS_REQUIRED_ITEM_COUNT,reporting_completeness,required_item_count,count,count,identity; numeric parsing without changing source value,dimension-changing or basis-guessing conversion,identity_or_parse_only,yes,WEBSCHEMA1-2026-10-05,public_header:downloads_csv+release_zip_csv+sqlite;sqlite_type:INTEGER;generator:scripts/build_static_web_mvp.py;DOCS1R_reuse=bounded,"Any future normalized value must carry source_value, conversion_rule, rule_version, and provenance.",identity_parse_only,WEBR8-D09,raw value retained; no cross-basis inference
UNIT_SOURCE_REFERENCE_EVIDENCE_ROW_COUNT,source_reference,evidence_row_count,count,count,identity; numeric parsing without changing source value,dimension-changing or basis-guessing conversion,identity_or_parse_only,yes,WEBSCHEMA1-2026-10-05,public_header:downloads_csv+release_zip_csv+sqlite;sqlite_type:INTEGER;generator:scripts/build_static_web_mvp.py;DOCS1R_reuse=bounded,"Any future normalized value must carry source_value, conversion_rule, rule_version, and provenance.",identity_parse_only,WEBR8-D09,raw value retained; no cross-basis inference
UNIT_SOURCE_REFERENCE_PROTOCOL_UNIT_COUNT,source_reference,protocol_unit_count,count,count,identity; numeric parsing without changing source value,dimension-changing or basis-guessing conversion,identity_or_parse_only,yes,WEBSCHEMA1-2026-10-05,public_header:downloads_csv+release_zip_csv+sqlite;sqlite_type:INTEGER;generator:scripts/build_static_web_mvp.py;DOCS1R_reuse=bounded,"Any future normalized value must carry source_value, conversion_rule, rule_version, and provenance.",identity_parse_only,WEBR8-D09,raw value retained; no cross-basis inference
UNIT_SOURCE_REFERENCE_VARIANT_COUNT,source_reference,variant_count,count,count,identity; numeric parsing without changing source value,dimension-changing or basis-guessing conversion,identity_or_parse_only,yes,WEBSCHEMA1-2026-10-05,public_header:downloads_csv+release_zip_csv+sqlite;sqlite_type:INTEGER;generator:scripts/build_static_web_mvp.py;DOCS1R_reuse=bounded,"Any future normalized value must carry source_value, conversion_rule, rule_version, and provenance.",identity_parse_only,WEBR8-D09,raw value retained; no cross-basis inference
UNIT_VARIANT_SUMMARY_LTS_REF,variant_summary,LTS_ref,not_applicable_or_embedded_in_raw_value,not_applicable_or_embedded_in_raw_value,identity; numeric parsing without changing source value,dimension-changing or basis-guessing conversion,identity_or_parse_only,yes,WEBSCHEMA1-2026-10-05,public_header:downloads_csv+release_zip_csv+sqlite;sqlite_type:REAL;generator:scripts/build_static_web_mvp.py;DOCS1R_reuse=bounded,"Any future normalized value must carry source_value, conversion_rule, rule_version, and provenance.",identity_parse_only,WEBR8-D09,raw value retained; no cross-basis inference
UNIT_VARIANT_SUMMARY_LTS_REF_CI_HIGH,variant_summary,LTS_ref_ci_high,not_applicable_or_embedded_in_raw_value,not_applicable_or_embedded_in_raw_value,identity; numeric parsing without changing source value,dimension-changing or basis-guessing conversion,identity_or_parse_only,yes,WEBSCHEMA1-2026-10-05,public_header:downloads_csv+release_zip_csv+sqlite;sqlite_type:REAL;generator:scripts/build_static_web_mvp.py;DOCS1R_reuse=bounded,"Any future normalized value must carry source_value, conversion_rule, rule_version, and provenance.",identity_parse_only,WEBR8-D09,raw value retained; no cross-basis inference
UNIT_VARIANT_SUMMARY_LTS_REF_CI_LOW,variant_summary,LTS_ref_ci_low,not_applicable_or_embedded_in_raw_value,not_applicable_or_embedded_in_raw_value,identity; numeric parsing without changing source value,dimension-changing or basis-guessing conversion,identity_or_parse_only,yes,WEBSCHEMA1-2026-10-05,public_header:downloads_csv+release_zip_csv+sqlite;sqlite_type:REAL;generator:scripts/build_static_web_mvp.py;DOCS1R_reuse=bounded,"Any future normalized value must carry source_value, conversion_rule, rule_version, and provenance.",identity_parse_only,WEBR8-D09,raw value retained; no cross-basis inference
UNIT_VARIANT_SUMMARY_INCUBATION_TEMP_C,variant_summary,incubation_temp_C,degree_Celsius,degree_Celsius,identity; numeric parsing without changing source value,dimension-changing or basis-guessing conversion,identity_or_parse_only,yes,WEBSCHEMA1-2026-10-05,public_header:downloads_csv+release_zip_csv+sqlite;sqlite_type:TEXT;generator:scripts/build_static_web_mvp.py;DOCS1R_reuse=bounded,"Any future normalized value must carry source_value, conversion_rule, rule_version, and provenance.",identity_parse_only,WEBR8-D09,raw value retained; no cross-basis inference
UNIT_VARIANT_SUMMARY_LITERATURE_EVIDENCE_COUNT,variant_summary,literature_evidence_count,count,count,identity; numeric parsing without changing source value,dimension-changing or basis-guessing conversion,identity_or_parse_only,yes,WEBSCHEMA1-2026-10-05,public_header:downloads_csv+release_zip_csv+sqlite;sqlite_type:INTEGER;generator:scripts/build_static_web_mvp.py;DOCS1R_reuse=bounded,"Any future normalized value must carry source_value, conversion_rule, rule_version, and provenance.",identity_parse_only,WEBR8-D09,raw value retained; no cross-basis inference
UNIT_VARIANT_SUMMARY_MAX_INCUBATION_TIME_H,variant_summary,max_incubation_time_h,hour,hour,identity; numeric parsing without changing source value,dimension-changing or basis-guessing conversion,identity_or_parse_only,yes,WEBSCHEMA1-2026-10-05,public_header:downloads_csv+release_zip_csv+sqlite;sqlite_type:REAL;generator:scripts/build_static_web_mvp.py;DOCS1R_reuse=bounded,"Any future normalized value must carry source_value, conversion_rule, rule_version, and provenance.",identity_parse_only,WEBR8-D09,raw value retained; no cross-basis inference
UNIT_VARIANT_SUMMARY_MAX_METHANOL_CONC_PERCENT,variant_summary,max_methanol_conc_percent,percent,percent,identity; numeric parsing without changing source value,dimension-changing or basis-guessing conversion,identity_or_parse_only,yes,WEBSCHEMA1-2026-10-05,public_header:downloads_csv+release_zip_csv+sqlite;sqlite_type:REAL;generator:scripts/build_static_web_mvp.py;DOCS1R_reuse=bounded,"Any future normalized value must carry source_value, conversion_rule, rule_version, and provenance.",identity_parse_only,WEBR8-D09,raw value retained; no cross-basis inference
UNIT_VARIANT_SUMMARY_MAX_RESIDUAL_ACTIVITY_PERCENT,variant_summary,max_residual_activity_percent,percent,percent,identity; numeric parsing without changing source value,dimension-changing or basis-guessing conversion,identity_or_parse_only,yes,WEBSCHEMA1-2026-10-05,public_header:downloads_csv+release_zip_csv+sqlite;sqlite_type:REAL;generator:scripts/build_static_web_mvp.py;DOCS1R_reuse=bounded,"Any future normalized value must carry source_value, conversion_rule, rule_version, and provenance.",identity_parse_only,WEBR8-D09,raw value retained; no cross-basis inference
UNIT_VARIANT_SUMMARY_MEASUREMENT_ROW_COUNT,variant_summary,measurement_row_count,count,count,identity; numeric parsing without changing source value,dimension-changing or basis-guessing conversion,identity_or_parse_only,yes,WEBSCHEMA1-2026-10-05,public_header:downloads_csv+release_zip_csv+sqlite;sqlite_type:INTEGER;generator:scripts/build_static_web_mvp.py;DOCS1R_reuse=bounded,"Any future normalized value must carry source_value, conversion_rule, rule_version, and provenance.",identity_parse_only,WEBR8-D09,raw value retained; no cross-basis inference
UNIT_VARIANT_SUMMARY_MEASUREMENT_RULE_COUNTS,variant_summary,measurement_rule_counts,count,count,identity; numeric parsing without changing source value,dimension-changing or basis-guessing conversion,identity_or_parse_only,yes,WEBSCHEMA1-2026-10-05,public_header:downloads_csv+release_zip_csv+sqlite;sqlite_type:TEXT;generator:scripts/build_static_web_mvp.py;DOCS1R_reuse=bounded,"Any future normalized value must carry source_value, conversion_rule, rule_version, and provenance.",identity_parse_only,WEBR8-D09,raw value retained; no cross-basis inference
UNIT_VARIANT_SUMMARY_N_RELIABLE_OBS,variant_summary,n_reliable_obs,not_applicable_or_embedded_in_raw_value,not_applicable_or_embedded_in_raw_value,identity; numeric parsing without changing source value,dimension-changing or basis-guessing conversion,identity_or_parse_only,yes,WEBSCHEMA1-2026-10-05,public_header:downloads_csv+release_zip_csv+sqlite;sqlite_type:INTEGER;generator:scripts/build_static_web_mvp.py;DOCS1R_reuse=bounded,"Any future normalized value must carry source_value, conversion_rule, rule_version, and provenance.",identity_parse_only,WEBR8-D09,raw value retained; no cross-basis inference
UNIT_VARIANT_SUMMARY_PATENT_EVIDENCE_COUNT,variant_summary,patent_evidence_count,count,count,identity; numeric parsing without changing source value,dimension-changing or basis-guessing conversion,identity_or_parse_only,yes,WEBSCHEMA1-2026-10-05,public_header:downloads_csv+release_zip_csv+sqlite;sqlite_type:INTEGER;generator:scripts/build_static_web_mvp.py;DOCS1R_reuse=bounded,"Any future normalized value must carry source_value, conversion_rule, rule_version, and provenance.",identity_parse_only,WEBR8-D09,raw value retained; no cross-basis inference
UNIT_VARIANT_SUMMARY_PROTEIN_SEQUENCE_LENGTH_AA,variant_summary,protein_sequence_length_aa,amino_acid_count,amino_acid_count,identity; numeric parsing without changing source value,dimension-changing or basis-guessing conversion,identity_or_parse_only,yes,WEBSCHEMA1-2026-10-05,public_header:downloads_csv+release_zip_csv+sqlite;sqlite_type:INTEGER;generator:scripts/build_static_web_mvp.py;DOCS1R_reuse=bounded,"Any future normalized value must carry source_value, conversion_rule, rule_version, and provenance.",identity_parse_only,WEBR8-D09,raw value retained; no cross-basis inference
UNIT_VARIANT_SUMMARY_PROTOCOL_UNIT_COUNT,variant_summary,protocol_unit_count,count,count,identity; numeric parsing without changing source value,dimension-changing or basis-guessing conversion,identity_or_parse_only,yes,WEBSCHEMA1-2026-10-05,public_header:downloads_csv+release_zip_csv+sqlite;sqlite_type:INTEGER;generator:scripts/build_static_web_mvp.py;DOCS1R_reuse=bounded,"Any future normalized value must carry source_value, conversion_rule, rule_version, and provenance.",identity_parse_only,WEBR8-D09,raw value retained; no cross-basis inference
UNIT_VARIANT_SUMMARY_T7A_CONFIDENCE_PERCENTILE,variant_summary,t7a_confidence_percentile,percent,percent,identity; numeric parsing without changing source value,dimension-changing or basis-guessing conversion,identity_or_parse_only,yes,WEBSCHEMA1-2026-10-05,public_header:downloads_csv+release_zip_csv+sqlite;sqlite_type:REAL;generator:scripts/build_static_web_mvp.py;DOCS1R_reuse=bounded,"Any future normalized value must carry source_value, conversion_rule, rule_version, and provenance.",identity_parse_only,WEBR8-D09,raw value retained; no cross-basis inference
UNIT_VARIANT_SUMMARY_TOLERANCE_CLASS_SORT,variant_summary,tolerance_class_sort,not_applicable_or_embedded_in_raw_value,not_applicable_or_embedded_in_raw_value,identity; numeric parsing without changing source value,dimension-changing or basis-guessing conversion,identity_or_parse_only,yes,WEBSCHEMA1-2026-10-05,public_header:downloads_csv+release_zip_csv+sqlite;sqlite_type:INTEGER;generator:scripts/build_static_web_mvp.py;DOCS1R_reuse=bounded,"Any future normalized value must carry source_value, conversion_rule, rule_version, and provenance.",identity_parse_only,WEBR8-D09,raw value retained; no cross-basis inference
UNIT_VARIANT_SUMMARY_UNIQUE_SOURCE_COUNT,variant_summary,unique_source_count,count,count,identity; numeric parsing without changing source value,dimension-changing or basis-guessing conversion,identity_or_parse_only,yes,WEBSCHEMA1-2026-10-05,public_header:downloads_csv+release_zip_csv+sqlite;sqlite_type:INTEGER;generator:scripts/build_static_web_mvp.py;DOCS1R_reuse=bounded,"Any future normalized value must carry source_value, conversion_rule, rule_version, and provenance.",identity_parse_only,WEBR8-D09,raw value retained; no cross-basis inference
